ticker,company,fiscal_year,fiscal_year_end,filed,source_url,currency,revenue,gross_profit,cost_of_revenue,operating_income,net_income,operating_cash_flow,capex,assets,liabilities,equity
MSFT,Microsoft Corporation,2022,2022-06-30,2024-07-30,https://data.sec.gov/api/xbrl/companyfacts/CIK0000789019.json,USD,198270000000.0,135620000000.0,62650000000.0,83383000000.0,72738000000.0,89035000000.0,23886000000.0,364840000000.0,198298000000.0,166542000000.0
MSFT,Microsoft Corporation,2023,2023-06-30,2025-07-30,https://data.sec.gov/api/xbrl/companyfacts/CIK0000789019.json,USD,211915000000.0,146052000000.0,65863000000.0,88523000000.0,72361000000.0,87582000000.0,28107000000.0,411976000000.0,205753000000.0,206223000000.0
MSFT,Microsoft Corporation,2024,2024-06-30,2026-07-29,https://data.sec.gov/api/xbrl/companyfacts/CIK0000789019.json,USD,245122000000.0,171008000000.0,74114000000.0,109433000000.0,88136000000.0,118548000000.0,44477000000.0,512163000000.0,243686000000.0,268477000000.0
MSFT,Microsoft Corporation,2025,2025-06-30,2026-07-29,https://data.sec.gov/api/xbrl/companyfacts/CIK0000789019.json,USD,281724000000.0,193893000000.0,87831000000.0,128528000000.0,101832000000.0,136162000000.0,64551000000.0,619003000000.0,275524000000.0,343479000000.0
MSFT,Microsoft Corporation,2026,2026-06-30,2026-07-29,https://data.sec.gov/api/xbrl/companyfacts/CIK0000789019.json,USD,331839000000.0,225465000000.0,106374000000.0,155237000000.0,133749000000.0,182935000000.0,115948000000.0,758376000000.0,315989000000.0,442387000000.0
ORCL,Oracle Corporation,2022,2022-05-31,2024-06-20,https://www.sec.gov/Archives/edgar/data/1341439/000095017024075605/orcl-20240531.htm,USD,42440000000.0,34042000000.0,8398000000.0,10926000000.0,6717000000.0,9539000000.0,4511000000.0,109297000000.0,115065000000.0,-5768000000.0
ORCL,Oracle Corporation,2023,2023-05-31,2024-06-20,https://www.sec.gov/Archives/edgar/data/1341439/000095017024075605/orcl-20240531.htm,USD,49954000000.0,37231000000.0,12723000000.0,13093000000.0,8503000000.0,17165000000.0,8695000000.0,134384000000.0,132828000000.0,1556000000.0
ORCL,Oracle Corporation,2024,2024-05-31,2026-06-22,https://www.sec.gov/Archives/edgar/data/1341439/000119312526277521/orcl-20260531.htm,USD,52961000000.0,37818000000.0,15143000000.0,15353000000.0,10467000000.0,18673000000.0,6866000000.0,140976000000.0,131737000000.0,9239000000.0
ORCL,Oracle Corporation,2025,2025-05-31,2026-06-22,https://www.sec.gov/Archives/edgar/data/1341439/000119312526277521/orcl-20260531.htm,USD,57399000000.0,40472000000.0,16927000000.0,17678000000.0,12443000000.0,20821000000.0,21215000000.0,168361000000.0,147910000000.0,20451000000.0
ORCL,Oracle Corporation,2026,2026-05-31,2026-06-22,https://www.sec.gov/Archives/edgar/data/1341439/000119312526277521/orcl-20260531.htm,USD,67357000000.0,44336000000.0,23021000000.0,20606000000.0,17087000000.0,31977000000.0,55663000000.0,261759000000.0,219251000000.0,42508000000.0
GOOG,Alphabet Inc.,2021,2021-12-31,2026-02-05,https://data.sec.gov/api/xbrl/companyfacts/CIK0001652044.json,USD,257637000000.0,146698000000.0,110939000000.0,78714000000.0,76033000000.0,91652000000.0,24640000000.0,359268000000.0,107633000000.0,251635000000.0
GOOG,Alphabet Inc.,2022,2022-12-31,2026-02-05,https://data.sec.gov/api/xbrl/companyfacts/CIK0001652044.json,USD,282836000000.0,156633000000.0,126203000000.0,74842000000.0,59972000000.0,91495000000.0,31485000000.0,365264000000.0,109120000000.0,256144000000.0
GOOG,Alphabet Inc.,2023,2023-12-31,2026-02-05,https://data.sec.gov/api/xbrl/companyfacts/CIK0001652044.json,USD,307394000000.0,174062000000.0,133332000000.0,84293000000.0,73795000000.0,101746000000.0,32251000000.0,402392000000.0,119013000000.0,283379000000.0
GOOG,Alphabet Inc.,2024,2024-12-31,2026-02-05,https://data.sec.gov/api/xbrl/companyfacts/CIK0001652044.json,USD,350018000000.0,203712000000.0,146306000000.0,112390000000.0,100118000000.0,125299000000.0,52535000000.0,450256000000.0,125172000000.0,325084000000.0
GOOG,Alphabet Inc.,2025,2025-12-31,2026-02-05,https://data.sec.gov/api/xbrl/companyfacts/CIK0001652044.json,USD,402836000000.0,240301000000.0,162535000000.0,129039000000.0,132170000000.0,164713000000.0,91447000000.0,595281000000.0,180016000000.0,415265000000.0
AVGO,Broadcom Inc.,2021,2021-10-31,2025-12-18,https://data.sec.gov/api/xbrl/companyfacts/CIK0001730168.json,USD,27450000000.0,16844000000.0,10606000000.0,8519000000.0,6736000000.0,13764000000.0,443000000.0,75570000000.0,50581000000.0,24962000000.0
AVGO,Broadcom Inc.,2022,2022-10-31,2025-12-18,https://data.sec.gov/api/xbrl/companyfacts/CIK0001730168.json,USD,33203000000.0,22095000000.0,11108000000.0,14225000000.0,11495000000.0,16736000000.0,424000000.0,73249000000.0,50540000000.0,22709000000.0
AVGO,Broadcom Inc.,2023,2023-10-31,2025-12-18,https://data.sec.gov/api/xbrl/companyfacts/CIK0001730168.json,USD,35819000000.0,24690000000.0,11129000000.0,16207000000.0,14082000000.0,18085000000.0,452000000.0,72861000000.0,48873000000.0,23988000000.0
AVGO,Broadcom Inc.,2024,2024-11-03,2025-12-18,https://data.sec.gov/api/xbrl/companyfacts/CIK0001730168.json,USD,51574000000.0,32509000000.0,19065000000.0,13463000000.0,5895000000.0,19962000000.0,548000000.0,165645000000.0,97967000000.0,67678000000.0
AVGO,Broadcom Inc.,2025,2025-11-02,2025-12-18,https://data.sec.gov/api/xbrl/companyfacts/CIK0001730168.json,USD,63887000000.0,43294000000.0,20593000000.0,25484000000.0,23126000000.0,27537000000.0,623000000.0,171092000000.0,89800000000.0,81292000000.0
SNDK,Sandisk Corporation,2023,2023-06-30,2025-08-21,https://www.sec.gov/Archives/edgar/data/2023554/000202355425000034/sndk-20250627.htm,USD,6086000000.0,430000000.0,5656000000.0,-2035000000.0,-2143000000.0,-713000000.0,219000000.0,,,11439000000.0
SNDK,Sandisk Corporation,2024,2024-06-28,2026-08-17,https://www.sec.gov/Archives/edgar/data/2023554/000162828026057406/sndk-20260703.htm,USD,6663000000.0,1072000000.0,5591000000.0,-468000000.0,-672000000.0,-309000000.0,166000000.0,13506000000.0,2424000000.0,11082000000.0
SNDK,Sandisk Corporation,2025,2025-06-27,2026-08-17,https://www.sec.gov/Archives/edgar/data/2023554/000162828026057406/sndk-20260703.htm,USD,7355000000.0,2212000000.0,5143000000.0,-1377000000.0,-1641000000.0,84000000.0,204000000.0,12985000000.0,3769000000.0,9216000000.0
SNDK,Sandisk Corporation,2026,2026-07-03,2026-08-17,https://www.sec.gov/Archives/edgar/data/2023554/000162828026057406/sndk-20260703.htm,USD,20248000000.0,14472000000.0,5776000000.0,12389000000.0,11433000000.0,11671000000.0,177000000.0,22507000000.0,6771000000.0,15736000000.0
NVDA,NVIDIA Corporation,2022,2022-01-30,2026-02-25,https://data.sec.gov/api/xbrl/companyfacts/CIK0001045810.json,USD,26914000000.0,17475000000.0,9439000000.0,10041000000.0,9752000000.0,9108000000.0,976000000.0,44187000000.0,17575000000.0,26612000000.0
NVDA,NVIDIA Corporation,2023,2023-01-29,2026-02-25,https://data.sec.gov/api/xbrl/companyfacts/CIK0001045810.json,USD,26974000000.0,15356000000.0,11618000000.0,4224000000.0,4368000000.0,5641000000.0,1833000000.0,41182000000.0,19081000000.0,22101000000.0
NVDA,NVIDIA Corporation,2024,2024-01-28,2026-02-25,https://data.sec.gov/api/xbrl/companyfacts/CIK0001045810.json,USD,60922000000.0,44301000000.0,16621000000.0,32972000000.0,29760000000.0,28090000000.0,1069000000.0,65728000000.0,22750000000.0,42978000000.0
NVDA,NVIDIA Corporation,2025,2025-01-26,2026-02-25,https://data.sec.gov/api/xbrl/companyfacts/CIK0001045810.json,USD,130497000000.0,97858000000.0,32639000000.0,81453000000.0,72880000000.0,64089000000.0,3236000000.0,111601000000.0,32274000000.0,79327000000.0
NVDA,NVIDIA Corporation,2026,2026-01-25,2026-02-25,https://data.sec.gov/api/xbrl/companyfacts/CIK0001045810.json,USD,215938000000.0,153463000000.0,62475000000.0,130387000000.0,120067000000.0,102718000000.0,6042000000.0,206803000000.0,49510000000.0,157293000000.0
MRVL,"Marvell Technology, Inc.",2022,2022-01-29,2024-03-13,https://data.sec.gov/api/xbrl/companyfacts/CIK0001835632.json,USD,4462400000.0,2064200000.0,2398200000.0,-347700000.0,-421000000.0,819300000.0,169200000.0,22108600000.0,6406500000.0,15702100000.0
MRVL,"Marvell Technology, Inc.",2023,2023-01-28,2025-03-12,https://data.sec.gov/api/xbrl/companyfacts/CIK0001835632.json,USD,5919600000.0,2987500000.0,2932100000.0,238000000.0,-163500000.0,1288800000.0,206200000.0,22522100000.0,6884900000.0,15637200000.0
MRVL,"Marvell Technology, Inc.",2024,2024-02-03,2026-03-11,https://data.sec.gov/api/xbrl/companyfacts/CIK0001835632.json,USD,5507700000.0,2293600000.0,3214100000.0,-567700000.0,-933400000.0,1370500000.0,336300000.0,21228500000.0,6397100000.0,14831400000.0
MRVL,"Marvell Technology, Inc.",2025,2025-02-01,2026-03-11,https://data.sec.gov/api/xbrl/companyfacts/CIK0001835632.json,USD,5767300000.0,2382200000.0,3385100000.0,-720300000.0,-885000000.0,1681200000.0,284600000.0,20204500000.0,6777500000.0,13427000000.0
MRVL,"Marvell Technology, Inc.",2026,2026-01-31,2026-03-11,https://data.sec.gov/api/xbrl/companyfacts/CIK0001835632.json,USD,8194600000.0,4180700000.0,4013900000.0,1322900000.0,2670100000.0,1750500000.0,354100000.0,22285300000.0,7976900000.0,14308400000.0
AAPL,Apple Inc.,2021,2021-09-25,2023-11-03,https://data.sec.gov/api/xbrl/companyfacts/CIK0000320193.json,USD,365817000000.0,152836000000.0,212981000000.0,108949000000.0,94680000000.0,104038000000.0,11085000000.0,351002000000.0,287912000000.0,63090000000.0
AAPL,Apple Inc.,2022,2022-09-24,2024-11-01,https://data.sec.gov/api/xbrl/companyfacts/CIK0000320193.json,USD,394328000000.0,170782000000.0,223546000000.0,119437000000.0,99803000000.0,122151000000.0,10708000000.0,352755000000.0,302083000000.0,50672000000.0
AAPL,Apple Inc.,2023,2023-09-30,2025-10-31,https://data.sec.gov/api/xbrl/companyfacts/CIK0000320193.json,USD,383285000000.0,169148000000.0,214137000000.0,114301000000.0,96995000000.0,110543000000.0,10959000000.0,352583000000.0,290437000000.0,62146000000.0
AAPL,Apple Inc.,2024,2024-09-28,2025-10-31,https://data.sec.gov/api/xbrl/companyfacts/CIK0000320193.json,USD,391035000000.0,180683000000.0,210352000000.0,123216000000.0,93736000000.0,118254000000.0,9447000000.0,364980000000.0,308030000000.0,56950000000.0
AAPL,Apple Inc.,2025,2025-09-27,2025-10-31,https://data.sec.gov/api/xbrl/companyfacts/CIK0000320193.json,USD,416161000000.0,195201000000.0,220960000000.0,133050000000.0,112010000000.0,111482000000.0,12715000000.0,359241000000.0,285508000000.0,73733000000.0
AMZN,"Amazon.com, Inc.",2021,2021-12-31,2024-02-02,https://data.sec.gov/api/xbrl/companyfacts/CIK0001018724.json,USD,469822000000.0,197478000000.0,272344000000.0,24879000000.0,33364000000.0,46327000000.0,61053000000.0,420549000000.0,,138245000000.0
AMZN,"Amazon.com, Inc.",2022,2022-12-31,2025-02-07,https://data.sec.gov/api/xbrl/companyfacts/CIK0001018724.json,USD,513983000000.0,225152000000.0,288831000000.0,12248000000.0,-2722000000.0,46752000000.0,63645000000.0,462675000000.0,,146043000000.0
AMZN,"Amazon.com, Inc.",2023,2023-12-31,2026-02-06,https://data.sec.gov/api/xbrl/companyfacts/CIK0001018724.json,USD,574785000000.0,270046000000.0,304739000000.0,36852000000.0,30425000000.0,84946000000.0,52729000000.0,527854000000.0,,201875000000.0
AMZN,"Amazon.com, Inc.",2024,2024-12-31,2026-02-06,https://data.sec.gov/api/xbrl/companyfacts/CIK0001018724.json,USD,637959000000.0,311671000000.0,326288000000.0,68593000000.0,59248000000.0,115877000000.0,82999000000.0,624894000000.0,,285970000000.0
AMZN,"Amazon.com, Inc.",2025,2025-12-31,2026-02-06,https://data.sec.gov/api/xbrl/companyfacts/CIK0001018724.json,USD,716924000000.0,360510000000.0,356414000000.0,79975000000.0,77670000000.0,139514000000.0,131819000000.0,818042000000.0,,411065000000.0
META,"Meta Platforms, Inc.",2021,2021-12-31,2024-02-02,https://data.sec.gov/api/xbrl/companyfacts/CIK0001326801.json,USD,117929000000.0,95280000000.0,22649000000.0,46753000000.0,39370000000.0,57683000000.0,18690000000.0,165987000000.0,41108000000.0,124879000000.0
META,"Meta Platforms, Inc.",2022,2022-12-31,2025-01-30,https://data.sec.gov/api/xbrl/companyfacts/CIK0001326801.json,USD,116609000000.0,91360000000.0,25249000000.0,28944000000.0,23200000000.0,50475000000.0,31186000000.0,185727000000.0,60014000000.0,125713000000.0
META,"Meta Platforms, Inc.",2023,2023-12-31,2026-01-29,https://data.sec.gov/api/xbrl/companyfacts/CIK0001326801.json,USD,134902000000.0,108943000000.0,25959000000.0,46751000000.0,39098000000.0,71113000000.0,27045000000.0,229623000000.0,76455000000.0,153168000000.0
META,"Meta Platforms, Inc.",2024,2024-12-31,2026-01-29,https://data.sec.gov/api/xbrl/companyfacts/CIK0001326801.json,USD,164501000000.0,134340000000.0,30161000000.0,69380000000.0,62360000000.0,91328000000.0,37256000000.0,276054000000.0,93417000000.0,182637000000.0
META,"Meta Platforms, Inc.",2025,2025-12-31,2026-01-29,https://data.sec.gov/api/xbrl/companyfacts/CIK0001326801.json,USD,200966000000.0,164791000000.0,36175000000.0,83276000000.0,60458000000.0,115800000000.0,69691000000.0,366021000000.0,148778000000.0,217243000000.0
LITE,Lumentum Holdings Inc.,2022,2022-07-02,2024-08-21,https://data.sec.gov/api/xbrl/companyfacts/CIK0001633978.json,USD,1712600000.0,788600000.0,,303300000.0,198900000.0,459300000.0,91200000.0,4162200000.0,2287200000.0,1875000000.0
LITE,Lumentum Holdings Inc.,2023,2023-07-01,2025-08-19,https://data.sec.gov/api/xbrl/companyfacts/CIK0001633978.json,USD,1767000000.0,569000000.0,,-115700000.0,-131600000.0,179800000.0,128500000.0,4632100000.0,3276300000.0,1355800000.0
LITE,Lumentum Holdings Inc.,2024,2024-06-29,2026-08-17,https://data.sec.gov/api/xbrl/companyfacts/CIK0001633978.json,USD,1359200000.0,251500000.0,,-434000000.0,-546500000.0,24700000.0,133000000.0,3931900000.0,2974600000.0,957300000.0
LITE,Lumentum Holdings Inc.,2025,2025-06-28,2026-08-17,https://data.sec.gov/api/xbrl/companyfacts/CIK0001633978.json,USD,1645000000.0,459900000.0,,-180100000.0,25900000.0,126300000.0,231000000.0,4218700000.0,3084000000.0,1134700000.0
LITE,Lumentum Holdings Inc.,2026,2026-06-27,2026-08-17,https://data.sec.gov/api/xbrl/companyfacts/CIK0001633978.json,USD,3014000000.0,1255900000.0,,524800000.0,-6935100000.0,751400000.0,451300000.0,7307500000.0,2663600000.0,4643900000.0
AMAT,"Applied Materials, Inc.",2021,2021-10-31,2023-12-15,https://data.sec.gov/api/xbrl/companyfacts/CIK0000006951.json,USD,23063000000.0,10914000000.0,12149000000.0,6889000000.0,5888000000.0,5442000000.0,668000000.0,25825000000.0,13578000000.0,12247000000.0
AMAT,"Applied Materials, Inc.",2022,2022-10-30,2024-12-13,https://data.sec.gov/api/xbrl/companyfacts/CIK0000006951.json,USD,25785000000.0,11993000000.0,13792000000.0,7788000000.0,6525000000.0,5399000000.0,787000000.0,26726000000.0,14532000000.0,12194000000.0
AMAT,"Applied Materials, Inc.",2023,2023-10-29,2025-12-12,https://data.sec.gov/api/xbrl/companyfacts/CIK0000006951.json,USD,26517000000.0,12384000000.0,14133000000.0,7654000000.0,6856000000.0,8700000000.0,1106000000.0,30729000000.0,14380000000.0,16349000000.0
AMAT,"Applied Materials, Inc.",2024,2024-10-27,2025-12-12,https://data.sec.gov/api/xbrl/companyfacts/CIK0000006951.json,USD,27176000000.0,12897000000.0,14279000000.0,7867000000.0,7177000000.0,8677000000.0,1190000000.0,34409000000.0,15408000000.0,19001000000.0
AMAT,"Applied Materials, Inc.",2025,2025-10-26,2025-12-12,https://data.sec.gov/api/xbrl/companyfacts/CIK0000006951.json,USD,28368000000.0,13808000000.0,14560000000.0,8289000000.0,6998000000.0,7958000000.0,2260000000.0,36299000000.0,15884000000.0,20415000000.0
TSM,Taiwan Semiconductor Manufacturing Company Limited,2021,2021-12-31,2022-04-14,https://data.sec.gov/api/xbrl/companyfacts/CIK0001046179.json,USD,57224800000.0,29543500000.0,27681300000.0,23431200000.0,21372800000.0,40092300000.0,30252200000.0,134293500000.0,56727500000.0,77566000000.0
TSM,Taiwan Semiconductor Manufacturing Company Limited,2022,2022-12-31,2023-04-20,https://data.sec.gov/api/xbrl/companyfacts/CIK0001046179.json,USD,73670400000.0,43877500000.0,29792900000.0,36488100000.0,32323300000.0,52411300000.0,35231800000.0,161550900000.0,66600300000.0,94950600000.0
TSM,Taiwan Semiconductor Manufacturing Company Limited,2023,2023-12-31,2024-04-18,https://data.sec.gov/api/xbrl/companyfacts/CIK0001046179.json,USD,70598800000.0,38377200000.0,32221600000.0,30093600000.0,27793200000.0,40560700000.0,31019500000.0,180672700000.0,67874900000.0,112797800000.0
TSM,Taiwan Semiconductor Manufacturing Company Limited,2024,2024-12-31,2025-04-17,https://data.sec.gov/api/xbrl/companyfacts/CIK0001046179.json,USD,88268000000.0,49538100000.0,38729900000.0,40318800000.0,35301100000.0,55693100000.0,29155400000.0,204079400000.0,73574000000.0,130505400000.0
TSM,Taiwan Semiconductor Manufacturing Company Limited,2025,2025-12-31,2026-04-16,https://www.sec.gov/Archives/edgar/data/1046179/000162828026025362/tsm-20251231.htm,USD,121423500000.0,72722200000.0,48701300000.0,61717900000.0,54036500000.0,72520700000.0,40561400000.0,252879900000.0,80861400000.0,172018500000.0
ASML,ASML Holding N.V.,2021,2021-12-31,2024-02-14,https://data.sec.gov/api/xbrl/companyfacts/CIK0000937966.json,EUR,18611000000.0,9809000000.0,8802000000.0,6750100000.0,5883200000.0,10845800000.0,900700000.0,30231000000.0,20090400000.0,10140600000.0
ASML,ASML Holding N.V.,2022,2022-12-31,2025-03-05,https://data.sec.gov/api/xbrl/companyfacts/CIK0000937966.json,EUR,21173400000.0,10700100000.0,10473300000.0,6500700000.0,5624200000.0,8486800000.0,1281800000.0,36300400000.0,27489600000.0,8810800000.0
ASML,ASML Holding N.V.,2023,2023-12-31,2026-02-25,https://data.sec.gov/api/xbrl/companyfacts/CIK0000937966.json,EUR,27558500000.0,14136100000.0,13422400000.0,9042300000.0,7839000000.0,5443400000.0,2155600000.0,39957500000.0,26505100000.0,13452400000.0
ASML,ASML Holding N.V.,2024,2024-12-31,2026-02-25,https://data.sec.gov/api/xbrl/companyfacts/CIK0000937966.json,EUR,28262900000.0,14492000000.0,13770900000.0,9022600000.0,7571600000.0,11166200000.0,2067200000.0,48589600000.0,30112800000.0,18476800000.0
ASML,ASML Holding N.V.,2025,2025-12-31,2026-02-25,https://data.sec.gov/api/xbrl/companyfacts/CIK0000937966.json,EUR,32667300000.0,17258000000.0,15409300000.0,11301400000.0,9609400000.0,12658500000.0,1573600000.0,50566600000.0,30954400000.0,19612200000.0
AMD,"Advanced Micro Devices, Inc.",2021,2021-12-25,2024-01-31,https://data.sec.gov/api/xbrl/companyfacts/CIK0000002488.json,USD,16434000000.0,7929000000.0,8505000000.0,3648000000.0,3162000000.0,3521000000.0,301000000.0,12419000000.0,,7497000000.0
AMD,"Advanced Micro Devices, Inc.",2022,2022-12-31,2025-02-05,https://data.sec.gov/api/xbrl/companyfacts/CIK0000002488.json,USD,23601000000.0,10603000000.0,12998000000.0,1264000000.0,1320000000.0,3565000000.0,450000000.0,67580000000.0,,54750000000.0
AMD,"Advanced Micro Devices, Inc.",2023,2023-12-30,2026-02-04,https://data.sec.gov/api/xbrl/companyfacts/CIK0000002488.json,USD,22680000000.0,10460000000.0,12220000000.0,401000000.0,854000000.0,1667000000.0,546000000.0,67885000000.0,,55892000000.0
AMD,"Advanced Micro Devices, Inc.",2024,2024-12-28,2026-02-04,https://data.sec.gov/api/xbrl/companyfacts/CIK0000002488.json,USD,25785000000.0,12725000000.0,13060000000.0,1900000000.0,1641000000.0,3041000000.0,636000000.0,69226000000.0,,57568000000.0
AMD,"Advanced Micro Devices, Inc.",2025,2025-12-27,2026-02-04,https://data.sec.gov/api/xbrl/companyfacts/CIK0000002488.json,USD,34639000000.0,17152000000.0,17487000000.0,3694000000.0,4335000000.0,7709000000.0,974000000.0,76926000000.0,,62999000000.0
INTC,Intel Corporation,2022,2022-12-31,,https://finance.yahoo.com/quote/INTC/financials/,USD,63054000000.0,26866000000.0,36188000000.0,2336000000.0,8014000000.0,15433000000.0,24844000000.0,182103000000.0,78817000000.0,101423000000.0
INTC,Intel Corporation,2023,2023-12-31,,https://finance.yahoo.com/quote/INTC/financials/,USD,54228000000.0,21711000000.0,32517000000.0,31000000.0,1689000000.0,11471000000.0,25750000000.0,191572000000.0,81607000000.0,105590000000.0
INTC,Intel Corporation,2024,2024-12-31,,https://finance.yahoo.com/quote/INTC/financials/,USD,53101000000.0,17345000000.0,35756000000.0,-4708000000.0,-18756000000.0,8288000000.0,23944000000.0,196485000000.0,91453000000.0,99270000000.0
INTC,Intel Corporation,2025,2025-12-31,,https://finance.yahoo.com/quote/INTC/financials/,USD,52853000000.0,18375000000.0,34478000000.0,-23000000.0,-267000000.0,9697000000.0,14646000000.0,211429000000.0,85069000000.0,114281000000.0
QCOM,QUALCOMM Incorporated,2022,2022-09-30,,https://finance.yahoo.com/quote/QCOM/financials/,USD,44200000000.0,25565000000.0,18635000000.0,15860000000.0,12936000000.0,9096000000.0,2262000000.0,49014000000.0,31001000000.0,18013000000.0
QCOM,QUALCOMM Incorporated,2023,2023-09-30,,https://finance.yahoo.com/quote/QCOM/financials/,USD,35820000000.0,19951000000.0,15869000000.0,8650000000.0,7232000000.0,11299000000.0,1450000000.0,51040000000.0,29459000000.0,21581000000.0
QCOM,QUALCOMM Incorporated,2024,2024-09-30,,https://finance.yahoo.com/quote/QCOM/financials/,USD,38962000000.0,21902000000.0,17060000000.0,10253000000.0,10142000000.0,12202000000.0,1041000000.0,55154000000.0,28880000000.0,26274000000.0
QCOM,QUALCOMM Incorporated,2025,2025-09-30,,https://finance.yahoo.com/quote/QCOM/financials/,USD,44284000000.0,24546000000.0,19738000000.0,12394000000.0,5541000000.0,14012000000.0,1192000000.0,50143000000.0,28937000000.0,21206000000.0
MU,"Micron Technology, Inc.",2022,2022-08-31,,https://finance.yahoo.com/quote/MU/financials/,USD,30758000000.0,13898000000.0,16860000000.0,9709000000.0,8687000000.0,15181000000.0,12067000000.0,66283000000.0,16376000000.0,49907000000.0
MU,"Micron Technology, Inc.",2023,2023-08-31,,https://finance.yahoo.com/quote/MU/financials/,USD,15540000000.0,-1416000000.0,16956000000.0,-5405000000.0,-5833000000.0,1559000000.0,7676000000.0,64254000000.0,20134000000.0,44120000000.0
MU,"Micron Technology, Inc.",2024,2024-08-31,,https://finance.yahoo.com/quote/MU/financials/,USD,25111000000.0,5613000000.0,19498000000.0,1305000000.0,778000000.0,8507000000.0,8386000000.0,69416000000.0,24285000000.0,45131000000.0
MU,"Micron Technology, Inc.",2025,2025-08-31,,https://finance.yahoo.com/quote/MU/financials/,USD,37378000000.0,14873000000.0,22505000000.0,9809000000.0,8539000000.0,17525000000.0,15857000000.0,82798000000.0,28633000000.0,54165000000.0
TXN,Texas Instruments Incorporated,2022,2022-12-31,,https://finance.yahoo.com/quote/TXN/financials/,USD,20028000000.0,13771000000.0,6257000000.0,10397000000.0,8749000000.0,8720000000.0,2797000000.0,27207000000.0,12630000000.0,14577000000.0
TXN,Texas Instruments Incorporated,2023,2023-12-31,,https://finance.yahoo.com/quote/TXN/financials/,USD,17519000000.0,11019000000.0,6500000000.0,7331000000.0,6510000000.0,6420000000.0,5071000000.0,32348000000.0,15451000000.0,16897000000.0
TXN,Texas Instruments Incorporated,2024,2024-12-31,,https://finance.yahoo.com/quote/TXN/financials/,USD,15641000000.0,9094000000.0,6547000000.0,5341000000.0,4799000000.0,6318000000.0,4820000000.0,35509000000.0,18606000000.0,16903000000.0
TXN,Texas Instruments Incorporated,2025,2025-12-31,,https://finance.yahoo.com/quote/TXN/financials/,USD,17682000000.0,10083000000.0,7599000000.0,6140000000.0,5001000000.0,7153000000.0,4550000000.0,34585000000.0,18312000000.0,16273000000.0
ADI,"Analog Devices, Inc.",2022,2022-10-31,,https://finance.yahoo.com/quote/ADI/financials/,USD,12013953000.0,7532474000.0,4481479000.0,3553209000.0,2748561000.0,4475402000.0,699308000.0,50302350000.0,13837027000.0,36465323000.0
ADI,"Analog Devices, Inc.",2023,2023-10-31,,https://finance.yahoo.com/quote/ADI/financials/,USD,12305539000.0,7877218000.0,4428321000.0,3983822000.0,3314579000.0,4817634000.0,1261463000.0,48794478000.0,13229356000.0,35565122000.0
ADI,"Analog Devices, Inc.",2024,2024-10-31,,https://finance.yahoo.com/quote/ADI/financials/,USD,9427157000.0,5381343000.0,4045814000.0,2070056000.0,1635273000.0,3852529000.0,730463000.0,48228277000.0,13051960000.0,35176317000.0
ADI,"Analog Devices, Inc.",2025,2025-10-31,,https://finance.yahoo.com/quote/ADI/financials/,USD,11019707000.0,6773478000.0,4246229000.0,3002476000.0,2267342000.0,4812202000.0,533552000.0,47992712000.0,14176957000.0,33815755000.0
NXPI,NXP Semiconductors N.V.,2022,2022-12-31,,https://finance.yahoo.com/quote/NXPI/financials/,USD,13205000000.0,7517000000.0,5688000000.0,3794000000.0,2787000000.0,3895000000.0,1227000000.0,23236000000.0,15496000000.0,7449000000.0
NXPI,NXP Semiconductors N.V.,2023,2023-12-31,,https://finance.yahoo.com/quote/NXPI/financials/,USD,13276000000.0,7553000000.0,5723000000.0,3676000000.0,2797000000.0,3513000000.0,1006000000.0,24353000000.0,15393000000.0,8644000000.0
NXPI,NXP Semiconductors N.V.,2024,2024-12-31,,https://finance.yahoo.com/quote/NXPI/financials/,USD,12614000000.0,7119000000.0,5495000000.0,3472000000.0,2510000000.0,2782000000.0,876000000.0,24385000000.0,14854000000.0,9183000000.0
NXPI,NXP Semiconductors N.V.,2025,2025-12-31,,https://finance.yahoo.com/quote/NXPI/financials/,USD,12269000000.0,6716000000.0,5553000000.0,3035000000.0,2021000000.0,2820000000.0,537000000.0,26560000000.0,16109000000.0,10056000000.0
ARM,Arm Holdings plc,2023,2023-03-31,,https://finance.yahoo.com/quote/ARM/financials/,USD,2679000000.0,2573000000.0,106000000.0,678000000.0,524000000.0,739000000.0,93000000.0,6866000000.0,2815000000.0,4051000000.0
ARM,Arm Holdings plc,2024,2024-03-31,,https://finance.yahoo.com/quote/ARM/financials/,USD,3233000000.0,3079000000.0,154000000.0,117000000.0,306000000.0,1090000000.0,143000000.0,7927000000.0,2632000000.0,5295000000.0
ARM,Arm Holdings plc,2025,2025-03-31,,https://finance.yahoo.com/quote/ARM/financials/,USD,4007000000.0,3886000000.0,121000000.0,831000000.0,792000000.0,397000000.0,239000000.0,8932000000.0,2093000000.0,6839000000.0
ARM,Arm Holdings plc,2026,2026-03-31,,https://finance.yahoo.com/quote/ARM/financials/,USD,4920000000.0,4799000000.0,121000000.0,908000000.0,904000000.0,1524000000.0,575000000.0,10703000000.0,2417000000.0,8286000000.0
MCHP,Microchip Technology Incorporated,2023,2023-03-31,,https://finance.yahoo.com/quote/MCHP/financials/,USD,8438700000.0,5697900000.0,2740800000.0,3112000000.0,2237700000.0,3621000000.0,486200000.0,16370300000.0,9856700000.0,6513600000.0
MCHP,Microchip Technology Incorporated,2024,2024-03-31,,https://finance.yahoo.com/quote/MCHP/financials/,USD,7634400000.0,4995700000.0,2638700000.0,2558700000.0,1906900000.0,2892700000.0,285100000.0,15873200000.0,9215400000.0,6657800000.0
MCHP,Microchip Technology Incorporated,2025,2025-03-31,,https://finance.yahoo.com/quote/MCHP/financials/,USD,4401600000.0,2467900000.0,1933700000.0,375500000.0,-500000.0,898100000.0,126000000.0,15374600000.0,8296300000.0,7078300000.0
MCHP,Microchip Technology Incorporated,2026,2026-03-31,,https://finance.yahoo.com/quote/MCHP/financials/,USD,4713100000.0,2721100000.0,1992000000.0,529800000.0,230000000.0,962100000.0,91100000.0,14370100000.0,7937700000.0,6432400000.0
ON,ON Semiconductor Corporation,2022,2022-12-31,,https://finance.yahoo.com/quote/ON/financials/,USD,8326200000.0,4077200000.0,4249000000.0,2764700000.0,1902200000.0,2633100000.0,1036000000.0,11978500000.0,5771500000.0,6188500000.0
ON,ON Semiconductor Corporation,2023,2023-12-31,,https://finance.yahoo.com/quote/ON/financials/,USD,8253000000.0,3883500000.0,4369500000.0,2613600000.0,2183700000.0,1977500000.0,1539100000.0,13215200000.0,5414600000.0,7782600000.0
ON,ON Semiconductor Corporation,2024,2024-12-31,,https://finance.yahoo.com/quote/ON/financials/,USD,7082300000.0,3216100000.0,3866200000.0,1901600000.0,1572800000.0,1906400000.0,694000000.0,14089800000.0,5275300000.0,8796400000.0
ON,ON Semiconductor Corporation,2025,2025-12-31,,https://finance.yahoo.com/quote/ON/financials/,USD,5995400000.0,1983900000.0,4011500000.0,751100000.0,121000000.0,1759800000.0,341200000.0,12524100000.0,4832200000.0,7673300000.0
GFS,GLOBALFOUNDRIES Inc.,2022,2022-12-31,,https://finance.yahoo.com/quote/GFS/financials/,USD,8108000000.0,2239000000.0,5869000000.0,1261000000.0,1448000000.0,2624000000.0,3059000000.0,17841000000.0,7881000000.0,9913000000.0
GFS,GLOBALFOUNDRIES Inc.,2023,2023-12-31,,https://finance.yahoo.com/quote/GFS/financials/,USD,7392000000.0,2101000000.0,5291000000.0,1200000000.0,1020000000.0,2125000000.0,1804000000.0,18044000000.0,6893000000.0,11104000000.0
GFS,GLOBALFOUNDRIES Inc.,2024,2024-12-31,,https://finance.yahoo.com/quote/GFS/financials/,USD,6750000000.0,1651000000.0,5099000000.0,728000000.0,-265000000.0,1722000000.0,625000000.0,16799000000.0,5975000000.0,10776000000.0
GFS,GLOBALFOUNDRIES Inc.,2025,2025-12-31,,https://finance.yahoo.com/quote/GFS/financials/,USD,6791000000.0,1690000000.0,5101000000.0,797000000.0,885000000.0,1731000000.0,722000000.0,17141000000.0,5158000000.0,11928000000.0
KLAC,KLA Corporation,2023,2023-06-30,,https://finance.yahoo.com/quote/KLAC/financials/,USD,10496056000.0,6277749000.0,4218307000.0,3994696000.0,3387277000.0,3669805000.0,341591000.0,14072357000.0,11152604000.0,2919753000.0
KLAC,KLA Corporation,2024,2024-06-30,,https://finance.yahoo.com/quote/KLAC/financials/,USD,9812247000.0,5884174000.0,3928073000.0,3635684000.0,2761896000.0,3308575000.0,277384000.0,15433566000.0,12065238000.0,3368328000.0
KLAC,KLA Corporation,2025,2025-06-30,,https://finance.yahoo.com/quote/KLAC/financials/,USD,12156162000.0,7404295000.0,4751867000.0,5014227000.0,4061643000.0,4081903000.0,335259000.0,16067926000.0,11375473000.0,4692453000.0
KLAC,KLA Corporation,2026,2026-06-30,,https://finance.yahoo.com/quote/KLAC/financials/,USD,13579476000.0,8324416000.0,5255060000.0,5660780000.0,4830771000.0,4143079000.0,375945000.0,17951535000.0,11601715000.0,6349820000.0
LRCX,Lam Research Corporation,2023,2023-06-30,,https://finance.yahoo.com/quote/LRCX/financials/,USD,17428516000.0,7776925000.0,9651591000.0,5217010000.0,4510931000.0,5178938000.0,501568000.0,18781643000.0,10571471000.0,8210172000.0
LRCX,Lam Research Corporation,2024,2024-06-30,,https://finance.yahoo.com/quote/LRCX/financials/,USD,14905386000.0,7052791000.0,7852595000.0,4282100000.0,3827772000.0,4652269000.0,396670000.0,18744728000.0,10205274000.0,8539454000.0
LRCX,Lam Research Corporation,2025,2025-06-30,,https://finance.yahoo.com/quote/LRCX/financials/,USD,18435591000.0,8979059000.0,9456532000.0,5900968000.0,5358217000.0,6173264000.0,759186000.0,21345260000.0,11483641000.0,9861619000.0
LRCX,Lam Research Corporation,2026,2026-06-30,,https://finance.yahoo.com/quote/LRCX/financials/,USD,23232690000.0,11725308000.0,11507382000.0,8199795000.0,7265396000.0,5857657000.0,966405000.0,23529743000.0,11058822000.0,12470921000.0
TER,"Teradyne, Inc.",2022,2022-12-31,,https://finance.yahoo.com/quote/TER/financials/,USD,3155045000.0,1867151000.0,1287894000.0,849124000.0,715501000.0,577923000.0,163249000.0,3501252000.0,1049958000.0,2451294000.0
TER,"Teradyne, Inc.",2023,2023-12-31,,https://finance.yahoo.com/quote/TER/financials/,USD,2676298000.0,1536748000.0,1139550000.0,522345000.0,448752000.0,585231000.0,159642000.0,3486824000.0,960927000.0,2525897000.0
TER,"Teradyne, Inc.",2024,2024-12-31,,https://finance.yahoo.com/quote/TER/financials/,USD,2819880000.0,1648927000.0,1170953000.0,552240000.0,542372000.0,672176000.0,198095000.0,3708714000.0,889420000.0,2819294000.0
TER,"Teradyne, Inc.",2025,2025-12-31,,https://finance.yahoo.com/quote/TER/financials/,USD,3190024000.0,1857345000.0,1332679000.0,688605000.0,554047000.0,674415000.0,224009000.0,4183599000.0,1387847000.0,2795752000.0
CDNS,"Cadence Design Systems, Inc.",2022,2022-12-31,,https://finance.yahoo.com/quote/CDNS/financials/,USD,3561718000.0,3190095000.0,371623000.0,1073741000.0,848952000.0,1241894000.0,124215000.0,5137071000.0,2391958000.0,2745113000.0
CDNS,"Cadence Design Systems, Inc.",2023,2023-12-31,,https://finance.yahoo.com/quote/CDNS/financials/,USD,4089986000.0,3654945000.0,435041000.0,1262238000.0,1041144000.0,1349176000.0,102503000.0,5669491000.0,2265220000.0,3404271000.0
CDNS,"Cadence Design Systems, Inc.",2024,2024-12-31,,https://finance.yahoo.com/quote/CDNS/financials/,USD,4641264000.0,3993762000.0,647502000.0,1382850000.0,1055484000.0,1260551000.0,142542000.0,8974482000.0,4300904000.0,4673578000.0
CDNS,"Cadence Design Systems, Inc.",2025,2025-12-31,,https://finance.yahoo.com/quote/CDNS/financials/,USD,5296759000.0,4574510000.0,722249000.0,1649781000.0,1108888000.0,1728781000.0,141871000.0,10153148000.0,4678967000.0,5474181000.0
SNPS,"Synopsys, Inc.",2022,2022-10-31,,https://finance.yahoo.com/quote/SNPS/financials/,USD,4615714000.0,3717701000.0,898013000.0,1159935000.0,984594000.0,1738900000.0,139082000.0,9418087000.0,3858897000.0,5515725000.0
SNPS,"Synopsys, Inc.",2023,2023-10-31,,https://finance.yahoo.com/quote/SNPS/financials/,USD,5318014000.0,4287171000.0,1030843000.0,1326330000.0,1229888000.0,1703274000.0,191822000.0,10333131000.0,4148830000.0,6147308000.0
SNPS,"Synopsys, Inc.",2024,2024-10-31,,https://finance.yahoo.com/quote/SNPS/financials/,USD,6127436000.0,4882147000.0,1245289000.0,1355711000.0,2263380000.0,1407029000.0,139500000.0,13073561000.0,4050355000.0,8990702000.0
SNPS,"Synopsys, Inc.",2025,2025-10-31,,https://finance.yahoo.com/quote/SNPS/financials/,USD,7054178000.0,5430629000.0,1623549000.0,914927000.0,1332220000.0,1518608000.0,169454000.0,48224461000.0,19897446000.0,28327602000.0
AMKR,"Amkor Technology, Inc.",2022,2022-12-31,,https://finance.yahoo.com/quote/AMKR/financials/,USD,7091585000.0,1329987000.0,5761598000.0,897186000.0,765823000.0,1098756000.0,908294000.0,,3122056000.0,3668752000.0
AMKR,"Amkor Technology, Inc.",2023,2023-12-31,,https://finance.yahoo.com/quote/AMKR/financials/,USD,6503065000.0,943153000.0,5559912000.0,470287000.0,359813000.0,1270020000.0,749467000.0,,2776090000.0,3962308000.0
AMKR,"Amkor Technology, Inc.",2024,2024-12-31,,https://finance.yahoo.com/quote/AMKR/financials/,USD,6317692000.0,933212000.0,5384480000.0,438455000.0,354012000.0,1088868000.0,743796000.0,,2761163000.0,4149545000.0
AMKR,"Amkor Technology, Inc.",2025,2025-12-31,,https://finance.yahoo.com/quote/AMKR/financials/,USD,6707981000.0,938599000.0,5769382000.0,467385000.0,373895000.0,1095606000.0,904614000.0,,3630022000.0,4471106000.0
ENTG,"Entegris, Inc.",2022,2022-12-31,,https://finance.yahoo.com/quote/ENTG/financials/,USD,3282033000.0,1396413000.0,1885620000.0,479981000.0,208920000.0,363129000.0,466192000.0,10138857000.0,6920857000.0,3218000000.0
ENTG,"Entegris, Inc.",2023,2023-12-31,,https://finance.yahoo.com/quote/ENTG/financials/,USD,3523900000.0,1497600000.0,2026300000.0,429600000.0,180700000.0,644500000.0,456800000.0,8812591000.0,5403997000.0,3408594000.0
ENTG,"Entegris, Inc.",2024,2024-12-31,,https://finance.yahoo.com/quote/ENTG/financials/,USD,3241200000.0,1486700000.0,1754500000.0,533900000.0,292800000.0,631700000.0,315600000.0,8394600000.0,4703100000.0,3691500000.0
ENTG,"Entegris, Inc.",2025,2025-12-31,,https://finance.yahoo.com/quote/ENTG/financials/,USD,3196600000.0,1419900000.0,1776700000.0,923500000.0,235600000.0,695400000.0,299200000.0,8350500000.0,4397100000.0,3953400000.0
COHR,Coherent Corp.,2023,2023-06-30,,https://finance.yahoo.com/quote/COHR/financials/,USD,5160100000.0,1618283000.0,3541817000.0,81981000.0,-259458000.0,634025000.0,436060000.0,13711133000.0,6482167000.0,7228966000.0
COHR,Coherent Corp.,2024,2024-06-30,,https://finance.yahoo.com/quote/COHR/financials/,USD,4707688000.0,1455964000.0,3251724000.0,123175000.0,-156154000.0,545731000.0,346816000.0,14488634000.0,6542355000.0,7574887000.0
COHR,Coherent Corp.,2025,2025-06-30,,https://finance.yahoo.com/quote/COHR/financials/,USD,5810115000.0,2043322000.0,3766793000.0,534947000.0,49364000.0,633600000.0,440836000.0,14910936000.0,6429653000.0,8127775000.0
COHR,Coherent Corp.,2026,2026-06-30,,https://finance.yahoo.com/quote/COHR/financials/,USD,7118181000.0,2669040000.0,4449141000.0,901522000.0,804998000.0,79514000.0,1110083000.0,18299852000.0,7061652000.0,10903495000.0
ANET,"Arista Networks, Inc.",2022,2022-12-31,,https://finance.yahoo.com/quote/ANET/financials/,USD,4381310000.0,2675696000.0,1705614000.0,1527106000.0,1352446000.0,492813000.0,44644000.0,6775410000.0,1889590000.0,4885820000.0
ANET,"Arista Networks, Inc.",2023,2023-12-31,,https://finance.yahoo.com/quote/ANET/financials/,USD,5860200000.0,3630300000.0,2229900000.0,2257300000.0,2087300000.0,2034000000.0,34400000.0,9956635000.0,2737576000.0,7219059000.0
ANET,"Arista Networks, Inc.",2024,2024-12-31,,https://finance.yahoo.com/quote/ANET/financials/,USD,7003100000.0,4491300000.0,2511800000.0,2944600000.0,2852100000.0,3708200000.0,32000000.0,14043900000.0,4049100000.0,9994800000.0
ANET,"Arista Networks, Inc.",2025,2025-12-31,,https://finance.yahoo.com/quote/ANET/financials/,USD,9005700000.0,5768700000.0,3237000000.0,3856100000.0,3511400000.0,4371900000.0,119500000.0,19448600000.0,7078100000.0,12370500000.0
CSCO,"Cisco Systems, Inc.",2023,2023-07-31,,https://finance.yahoo.com/quote/CSCO/financials/,USD,56998000000.0,35753000000.0,21245000000.0,15562000000.0,12613000000.0,19886000000.0,849000000.0,101852000000.0,57499000000.0,44353000000.0
CSCO,"Cisco Systems, Inc.",2024,2024-07-31,,https://finance.yahoo.com/quote/CSCO/financials/,USD,53803000000.0,34828000000.0,18975000000.0,12970000000.0,10320000000.0,10880000000.0,670000000.0,124413000000.0,78956000000.0,45457000000.0
CSCO,"Cisco Systems, Inc.",2025,2025-07-31,,https://finance.yahoo.com/quote/CSCO/financials/,USD,56654000000.0,36790000000.0,19864000000.0,12504000000.0,10180000000.0,14193000000.0,905000000.0,122291000000.0,75448000000.0,46843000000.0
CSCO,"Cisco Systems, Inc.",2026,2026-07-31,,https://finance.yahoo.com/quote/CSCO/financials/,USD,63325000000.0,40860000000.0,22465000000.0,16061000000.0,13267000000.0,14177000000.0,1410000000.0,129637000000.0,79352000000.0,50285000000.0
DELL,Dell Technologies Inc.,2023,2023-01-31,,https://finance.yahoo.com/quote/DELL/financials/,USD,102301000000.0,22686000000.0,79615000000.0,5771000000.0,2442000000.0,3565000000.0,3003000000.0,89611000000.0,92636000000.0,-3122000000.0
DELL,Dell Technologies Inc.,2024,2024-01-31,,https://finance.yahoo.com/quote/DELL/financials/,USD,88425000000.0,21069000000.0,67356000000.0,5933000000.0,3388000000.0,8676000000.0,2756000000.0,82126000000.0,84258000000.0,-2227000000.0
DELL,Dell Technologies Inc.,2025,2025-01-31,,https://finance.yahoo.com/quote/DELL/financials/,USD,95567000000.0,21250000000.0,74317000000.0,6656000000.0,4592000000.0,4521000000.0,2652000000.0,79746000000.0,81133000000.0,-1482000000.0
DELL,Dell Technologies Inc.,2026,2026-01-31,,https://finance.yahoo.com/quote/DELL/financials/,USD,113538000000.0,22707000000.0,90831000000.0,8446000000.0,5936000000.0,11185000000.0,2633000000.0,101286000000.0,103756000000.0,-2470000000.0
HPE,Hewlett Packard Enterprise Company,2022,2022-10-31,,https://finance.yahoo.com/quote/HPE/financials/,USD,28496000000.0,9506000000.0,18990000000.0,2227000000.0,868000000.0,4593000000.0,3122000000.0,57123000000.0,37214000000.0,19864000000.0
HPE,Hewlett Packard Enterprise Company,2023,2023-10-31,,https://finance.yahoo.com/quote/HPE/financials/,USD,29135000000.0,10239000000.0,18896000000.0,2442000000.0,2025000000.0,4428000000.0,2828000000.0,57153000000.0,35915000000.0,21182000000.0
HPE,Hewlett Packard Enterprise Company,2024,2024-10-31,,https://finance.yahoo.com/quote/HPE/financials/,USD,30127000000.0,9878000000.0,20249000000.0,2494000000.0,2579000000.0,4341000000.0,2367000000.0,71262000000.0,46382000000.0,24816000000.0
HPE,Hewlett Packard Enterprise Company,2025,2025-10-31,,https://finance.yahoo.com/quote/HPE/financials/,USD,34296000000.0,10377000000.0,23919000000.0,1644000000.0,57000000.0,2919000000.0,2292000000.0,75906000000.0,51152000000.0,24688000000.0
VRT,Vertiv Holdings Co,2022,2022-12-31,,https://finance.yahoo.com/quote/VRT/financials/,USD,5691500000.0,1616100000.0,4075400000.0,227800000.0,76600000.0,-152800000.0,111000000.0,7095700000.0,5653800000.0,1441900000.0
VRT,Vertiv Holdings Co,2023,2023-12-31,,https://finance.yahoo.com/quote/VRT/financials/,USD,6863200000.0,2400500000.0,4462700000.0,916800000.0,460200000.0,900500000.0,134600000.0,7998500000.0,5983600000.0,2014900000.0
VRT,Vertiv Holdings Co,2024,2024-12-31,,https://finance.yahoo.com/quote/VRT/financials/,USD,8011800000.0,2934200000.0,5077600000.0,1382000000.0,495800000.0,1319300000.0,184100000.0,9132500000.0,6698200000.0,2434300000.0
VRT,Vertiv Holdings Co,2025,2025-12-31,,https://finance.yahoo.com/quote/VRT/financials/,USD,10229900000.0,3715200000.0,6514700000.0,1896200000.0,1332800000.0,2113800000.0,226400000.0,12212400000.0,8271100000.0,3941300000.0
SMCI,"Super Micro Computer, Inc.",2023,2023-06-30,,https://finance.yahoo.com/quote/SMCI/financials/,USD,7123482000.0,1283012000.0,5840470000.0,761142000.0,639998000.0,663580000.0,36793000.0,3674729000.0,1702559000.0,1972005000.0
SMCI,"Super Micro Computer, Inc.",2024,2024-06-30,,https://finance.yahoo.com/quote/SMCI/financials/,USD,14989251000.0,2061410000.0,12927841000.0,1210774000.0,1152666000.0,-2485972000.0,124279000.0,9826092000.0,4408722000.0,5417206000.0
SMCI,"Super Micro Computer, Inc.",2025,2025-06-30,,https://finance.yahoo.com/quote/SMCI/financials/,USD,21972042000.0,2429922000.0,19542120000.0,1252994000.0,1048854000.0,1659524000.0,127214000.0,14018429000.0,7716558000.0,6301693000.0
SMCI,"Super Micro Computer, Inc.",2026,2026-06-30,,https://finance.yahoo.com/quote/SMCI/financials/,USD,39063072000.0,4227251000.0,34835821000.0,2770486000.0,2230453000.0,-6809886000.0,161999000.0,29945467000.0,15465851000.0,14479452000.0
WDC,Western Digital Corporation,2023,2023-06-30,,https://finance.yahoo.com/quote/WDC/financials/,USD,6255000000.0,1391000000.0,4864000000.0,-402000000.0,-1684000000.0,-408000000.0,821000000.0,24546000000.0,12706000000.0,11840000000.0
WDC,Western Digital Corporation,2024,2024-06-30,,https://finance.yahoo.com/quote/WDC/financials/,USD,6317000000.0,1773000000.0,4544000000.0,97000000.0,-798000000.0,-294000000.0,487000000.0,24188000000.0,13141000000.0,11047000000.0
WDC,Western Digital Corporation,2025,2025-06-30,,https://finance.yahoo.com/quote/WDC/financials/,USD,9520000000.0,3692000000.0,5828000000.0,2130000000.0,1861000000.0,1691000000.0,412000000.0,14002000000.0,8462000000.0,5540000000.0
WDC,Western Digital Corporation,2026,2026-06-30,,https://finance.yahoo.com/quote/WDC/financials/,USD,12919000000.0,6311000000.0,6608000000.0,4599000000.0,9298000000.0,3929000000.0,418000000.0,13861000000.0,4997000000.0,8864000000.0
CRM,"Salesforce, Inc.",2023,2023-01-31,,https://finance.yahoo.com/quote/CRM/financials/,USD,31352000000.0,22992000000.0,8360000000.0,1858000000.0,208000000.0,7111000000.0,798000000.0,98849000000.0,40490000000.0,58359000000.0
CRM,"Salesforce, Inc.",2024,2024-01-31,,https://finance.yahoo.com/quote/CRM/financials/,USD,34857000000.0,26316000000.0,8541000000.0,5999000000.0,4136000000.0,10234000000.0,736000000.0,99823000000.0,40177000000.0,59646000000.0
CRM,"Salesforce, Inc.",2025,2025-01-31,,https://finance.yahoo.com/quote/CRM/financials/,USD,37895000000.0,29252000000.0,8643000000.0,7666000000.0,6197000000.0,13092000000.0,658000000.0,102928000000.0,41755000000.0,61173000000.0
CRM,"Salesforce, Inc.",2026,2026-01-31,,https://finance.yahoo.com/quote/CRM/financials/,USD,41525000000.0,32255000000.0,9270000000.0,8917000000.0,7457000000.0,14996000000.0,594000000.0,112305000000.0,53163000000.0,59142000000.0
NOW,"ServiceNow, Inc.",2022,2022-12-31,,https://finance.yahoo.com/quote/NOW/financials/,USD,7245000000.0,5672000000.0,1573000000.0,355000000.0,325000000.0,2723000000.0,550000000.0,13299000000.0,8267000000.0,5032000000.0
NOW,"ServiceNow, Inc.",2023,2023-12-31,,https://finance.yahoo.com/quote/NOW/financials/,USD,8971000000.0,7050000000.0,1921000000.0,762000000.0,1731000000.0,3398000000.0,697000000.0,17387000000.0,9759000000.0,7628000000.0
NOW,"ServiceNow, Inc.",2024,2024-12-31,,https://finance.yahoo.com/quote/NOW/financials/,USD,10984000000.0,8697000000.0,2287000000.0,1364000000.0,1425000000.0,4267000000.0,892000000.0,20383000000.0,10774000000.0,9609000000.0
NOW,"ServiceNow, Inc.",2025,2025-12-31,,https://finance.yahoo.com/quote/NOW/financials/,USD,13278000000.0,10295000000.0,2983000000.0,1824000000.0,1748000000.0,5444000000.0,911000000.0,26038000000.0,13074000000.0,12964000000.0
PANW,"Palo Alto Networks, Inc.",2023,2023-07-31,,https://finance.yahoo.com/quote/PANW/financials/,USD,6892700000.0,4983000000.0,1909700000.0,387300000.0,439700000.0,2777500000.0,146300000.0,14501100000.0,12752700000.0,1748400000.0
PANW,"Palo Alto Networks, Inc.",2024,2024-07-31,,https://finance.yahoo.com/quote/PANW/financials/,USD,8027000000.0,5968000000.0,2059000000.0,684000000.0,2578000000.0,3258000000.0,157000000.0,19990900000.0,14821200000.0,5169700000.0
PANW,"Palo Alto Networks, Inc.",2025,2025-07-31,,https://finance.yahoo.com/quote/PANW/financials/,USD,9221000000.0,6770000000.0,2451000000.0,1243000000.0,1134000000.0,3716000000.0,247000000.0,23576000000.0,15752000000.0,7824000000.0
PANW,"Palo Alto Networks, Inc.",2026,2026-07-31,,https://finance.yahoo.com/quote/PANW/financials/,USD,11480000000.0,8077000000.0,3403000000.0,695000000.0,307000000.0,4553000000.0,440000000.0,48460000000.0,20968000000.0,27492000000.0
PLTR,Palantir Technologies Inc.,2022,2022-12-31,,https://finance.yahoo.com/quote/PLTR/financials/,USD,1905871000.0,1497322000.0,408549000.0,-161201000.0,-373705000.0,223737000.0,40027000.0,3461239000.0,818802000.0,2565326000.0
PLTR,Palantir Technologies Inc.,2023,2023-12-31,,https://finance.yahoo.com/quote/PLTR/financials/,USD,2225012000.0,1793907000.0,431105000.0,119966000.0,209825000.0,712183000.0,15114000.0,4522425000.0,961460000.0,3475561000.0
PLTR,Palantir Technologies Inc.,2024,2024-12-31,,https://finance.yahoo.com/quote/PLTR/financials/,USD,2865507000.0,2299517000.0,565990000.0,310403000.0,462190000.0,1153865000.0,12634000.0,6340884000.0,1246477000.0,5003275000.0
PLTR,Palantir Technologies Inc.,2025,2025-12-31,,https://finance.yahoo.com/quote/PLTR/financials/,USD,4475446000.0,3686269000.0,789177000.0,1414015000.0,1625033000.0,2134473000.0,33882000.0,8900392000.0,1412381000.0,7387268000.0
TSLA,"Tesla, Inc.",2022,2022-12-31,,https://finance.yahoo.com/quote/TSLA/financials/,USD,81462000000.0,20853000000.0,60609000000.0,13832000000.0,12583000000.0,14724000000.0,7172000000.0,82338000000.0,36440000000.0,44704000000.0
TSLA,"Tesla, Inc.",2023,2023-12-31,,https://finance.yahoo.com/quote/TSLA/financials/,USD,96773000000.0,17660000000.0,79113000000.0,8891000000.0,14999000000.0,13256000000.0,8899000000.0,106618000000.0,43009000000.0,62634000000.0
TSLA,"Tesla, Inc.",2024,2024-12-31,,https://finance.yahoo.com/quote/TSLA/financials/,USD,97690000000.0,17450000000.0,80240000000.0,7760000000.0,7130000000.0,14923000000.0,11342000000.0,122070000000.0,48390000000.0,72913000000.0
TSLA,"Tesla, Inc.",2025,2025-12-31,,https://finance.yahoo.com/quote/TSLA/financials/,USD,94827000000.0,17094000000.0,77733000000.0,4849000000.0,3794000000.0,14747000000.0,8527000000.0,137806000000.0,54941000000.0,82137000000.0
V,Visa Inc.,2022,2022-09-30,,https://finance.yahoo.com/quote/V/financials/,USD,29310000000.0,23577000000.0,5733000000.0,19681000000.0,14957000000.0,18849000000.0,970000000.0,85501000000.0,49920000000.0,35581000000.0
V,Visa Inc.,2023,2023-09-30,,https://finance.yahoo.com/quote/V/financials/,USD,32653000000.0,26086000000.0,6567000000.0,21927000000.0,17273000000.0,20755000000.0,1059000000.0,90499000000.0,51766000000.0,38733000000.0
V,Visa Inc.,2024,2024-09-30,,https://finance.yahoo.com/quote/V/financials/,USD,35926000000.0,28884000000.0,7042000000.0,24057000000.0,19743000000.0,19950000000.0,1257000000.0,94511000000.0,55374000000.0,39137000000.0
V,Visa Inc.,2025,2025-09-30,,https://finance.yahoo.com/quote/V/financials/,USD,40000000000.0,32145000000.0,7855000000.0,26556000000.0,20058000000.0,23059000000.0,1482000000.0,99627000000.0,61718000000.0,37909000000.0
LLY,Eli Lilly and Company,2022,2022-12-31,,https://finance.yahoo.com/quote/LLY/financials/,USD,28541400000.0,21911600000.0,6629800000.0,8280400000.0,6244800000.0,7585700000.0,2985300000.0,49489800000.0,38714400000.0,10649800000.0
LLY,Eli Lilly and Company,2023,2023-12-31,,https://finance.yahoo.com/quote/LLY/financials/,USD,34124000000.0,27042000000.0,7082000000.0,10325000000.0,5240000000.0,4240000000.0,7392000000.0,64006300000.0,53142600000.0,10771900000.0
LLY,Eli Lilly and Company,2024,2024-12-31,,https://finance.yahoo.com/quote/LLY/financials/,USD,45043000000.0,36625000000.0,8418000000.0,17040000000.0,10590000000.0,8818000000.0,8404000000.0,78715000000.0,64443000000.0,14272000000.0
LLY,Eli Lilly and Company,2025,2025-12-31,,https://finance.yahoo.com/quote/LLY/financials/,USD,65179000000.0,54127000000.0,11052000000.0,29696000000.0,20640000000.0,16813000000.0,10849000000.0,112476000000.0,85941000000.0,26535000000.0
WMT,Walmart Inc.,2023,2023-01-31,,https://finance.yahoo.com/quote/WMT/financials/,USD,611289000000.0,147568000000.0,463721000000.0,20428000000.0,11680000000.0,28841000000.0,16857000000.0,243197000000.0,159206000000.0,76693000000.0
WMT,Walmart Inc.,2024,2024-01-31,,https://finance.yahoo.com/quote/WMT/financials/,USD,648125000000.0,157983000000.0,490142000000.0,27012000000.0,15511000000.0,35726000000.0,20606000000.0,252399000000.0,161828000000.0,83861000000.0
WMT,Walmart Inc.,2025,2025-01-31,,https://finance.yahoo.com/quote/WMT/financials/,USD,680985000000.0,169232000000.0,511753000000.0,29348000000.0,19436000000.0,36443000000.0,23783000000.0,260823000000.0,163131000000.0,91013000000.0
WMT,Walmart Inc.,2026,2026-01-31,,https://finance.yahoo.com/quote/WMT/financials/,USD,713163000000.0,177768000000.0,535395000000.0,29825000000.0,21893000000.0,41565000000.0,26642000000.0,284668000000.0,178488000000.0,99617000000.0
GEV,GE Vernova Inc.,2022,2022-12-31,,https://finance.yahoo.com/quote/GEV/financials/,USD,29654000000.0,3458000000.0,26196000000.0,-2881000000.0,-2736000000.0,-114000000.0,513000000.0,44471000000.0,32864000000.0,10650000000.0
GEV,GE Vernova Inc.,2023,2023-12-31,,https://finance.yahoo.com/quote/GEV/financials/,USD,33239000000.0,4818000000.0,28421000000.0,-923000000.0,-438000000.0,1186000000.0,744000000.0,46121000000.0,37741000000.0,7416000000.0
GEV,GE Vernova Inc.,2024,2024-12-31,,https://finance.yahoo.com/quote/GEV/financials/,USD,34935000000.0,6085000000.0,28850000000.0,471000000.0,1552000000.0,2583000000.0,883000000.0,51485000000.0,40892000000.0,9546000000.0
GEV,GE Vernova Inc.,2025,2025-12-31,,https://finance.yahoo.com/quote/GEV/financials/,USD,38068000000.0,7535000000.0,30533000000.0,1389000000.0,4884000000.0,4987000000.0,1277000000.0,63016000000.0,50720000000.0,11178000000.0
CAT,Caterpillar Inc.,2022,2022-12-31,,https://finance.yahoo.com/quote/CAT/financials/,USD,59427000000.0,17512000000.0,41915000000.0,8829000000.0,6705000000.0,7766000000.0,2599000000.0,81943000000.0,66052000000.0,15869000000.0
CAT,Caterpillar Inc.,2023,2023-12-31,,https://finance.yahoo.com/quote/CAT/financials/,USD,67060000000.0,23263000000.0,43797000000.0,12966000000.0,10335000000.0,12885000000.0,3092000000.0,87476000000.0,67973000000.0,19494000000.0
CAT,Caterpillar Inc.,2024,2024-12-31,,https://finance.yahoo.com/quote/CAT/financials/,USD,64809000000.0,23324000000.0,41485000000.0,13072000000.0,10792000000.0,12035000000.0,3215000000.0,87764000000.0,68270000000.0,19491000000.0
CAT,Caterpillar Inc.,2025,2025-12-31,,https://finance.yahoo.com/quote/CAT/financials/,USD,67589000000.0,21478000000.0,46111000000.0,11151000000.0,8884000000.0,11739000000.0,4286000000.0,98585000000.0,77267000000.0,21318000000.0
