date,series,adjusted_close
2016-10-01,MSFT,53.207000732421875
2016-11-01,MSFT,53.87037658691406
2016-12-01,MSFT,55.551048278808594
2017-01-01,MSFT,57.794898986816406
2017-02-01,MSFT,57.542694091796875
2017-03-01,MSFT,59.2335319519043
2017-04-01,MSFT,61.57195281982422
2017-05-01,MSFT,63.17313766479492
2017-06-01,MSFT,62.35000991821289
2017-07-01,MSFT,65.76010131835938
2017-08-01,MSFT,67.99286651611328
2017-09-01,MSFT,67.73822021484375
2017-10-01,MSFT,75.64056396484375
2017-11-01,MSFT,76.92523193359375
2017-12-01,MSFT,78.17730712890625
2018-01-01,MSFT,86.83222198486328
2018-02-01,MSFT,86.10150909423828
2018-03-01,MSFT,83.80595397949219
2018-04-01,MSFT,85.87195587158203
2018-05-01,MSFT,91.1502685546875
2018-06-01,MSFT,90.93814086914062
2018-07-01,MSFT,97.82699584960938
2018-08-01,MSFT,103.9894027709961
2018-09-01,MSFT,105.87791442871094
2018-10-01,MSFT,98.87923431396484
2018-11-01,MSFT,103.09978485107422
2018-12-01,MSFT,94.43453216552734
2019-01-01,MSFT,97.09361267089844
2019-02-01,MSFT,104.60452270507812
2019-03-01,MSFT,110.12284088134766
2019-04-01,MSFT,121.94367980957031
2019-05-01,MSFT,115.90985107421875
2019-06-01,MSFT,125.54399871826172
2019-07-01,MSFT,127.7088623046875
2019-08-01,MSFT,129.62924194335938
2019-09-01,MSFT,130.72935485839844
2019-10-01,MSFT,134.8102569580078
2019-11-01,MSFT,142.82632446289062
2019-12-01,MSFT,148.78924560546875
2020-01-01,MSFT,160.6112518310547
2020-02-01,MSFT,153.27322387695312
2020-03-01,MSFT,149.20509338378906
2020-04-01,MSFT,169.5457000732422
2020-05-01,MSFT,173.85069274902344
2020-06-01,MSFT,193.0714874267578
2020-07-01,MSFT,194.4945068359375
2020-08-01,MSFT,214.47923278808594
2020-09-01,MSFT,200.02398681640625
2020-10-01,MSFT,192.5491485595703
2020-11-01,MSFT,204.11375427246094
2020-12-01,MSFT,212.07537841796875
2021-01-01,MSFT,221.17169189453125
2021-02-01,MSFT,222.08245849609375
2021-03-01,MSFT,225.32228088378906
2021-04-01,MSFT,241.0050506591797
2021-05-01,MSFT,239.16685485839844
2021-06-01,MSFT,259.4933166503906
2021-07-01,MSFT,272.9134216308594
2021-08-01,MSFT,289.7224426269531
2021-09-01,MSFT,270.56634521484375
2021-10-01,MSFT,318.2647705078125
2021-11-01,MSFT,317.85662841796875
2021-12-01,MSFT,323.3659973144531
2022-01-01,MSFT,299.0020446777344
2022-02-01,MSFT,287.87554931640625
2022-03-01,MSFT,297.04779052734375
2022-04-01,MSFT,267.38250732421875
2022-05-01,MSFT,262.54901123046875
2022-06-01,MSFT,248.024658203125
2022-07-01,MSFT,271.1148376464844
2022-08-01,MSFT,253.0415496826172
2022-09-01,MSFT,225.39248657226562
2022-10-01,MSFT,224.64730834960938
2022-11-01,MSFT,247.61141967773438
2022-12-01,MSFT,232.74349975585938
2023-01-01,MSFT,240.49774169921875
2023-02-01,MSFT,242.66650390625
2023-03-01,MSFT,280.4938049316406
2023-04-01,MSFT,298.94036865234375
2023-05-01,MSFT,320.19671630859375
2023-06-01,MSFT,332.04351806640625
2023-07-01,MSFT,327.53875732421875
2023-08-01,MSFT,320.2590637207031
2023-09-01,MSFT,308.52386474609375
2023-10-01,MSFT,330.37213134765625
2023-11-01,MSFT,370.9898681640625
2023-12-01,MSFT,368.1798400878906
2024-01-01,MSFT,389.2696228027344
2024-02-01,MSFT,405.7428894042969
2024-03-01,MSFT,412.68768310546875
2024-04-01,MSFT,381.8970031738281
2024-05-01,MSFT,407.93896484375
2024-06-01,MSFT,439.2077331542969
2024-07-01,MSFT,411.1031494140625
2024-08-01,MSFT,410.6529541015625
2024-09-01,MSFT,423.6082763671875
2024-10-01,MSFT,400.0307312011719
2024-11-01,MSFT,417.7090759277344
2024-12-01,MSFT,415.7757263183594
2025-01-01,MSFT,409.4231262207031
2025-02-01,MSFT,392.3837585449219
2025-03-01,MSFT,371.0343933105469
2025-04-01,MSFT,390.673828125
2025-05-01,MSFT,455.85382080078125
2025-06-01,MSFT,492.5411376953125
2025-07-01,MSFT,528.2779541015625
2025-08-01,MSFT,502.55511474609375
2025-09-01,MSFT,513.7232666015625
2025-10-01,MSFT,513.5844116210938
2025-11-01,MSFT,488.9082946777344
2025-12-01,MSFT,480.5711669921875
2026-01-01,MSFT,427.577392578125
2026-02-01,MSFT,391.15484619140625
2026-03-01,MSFT,368.67596435546875
2026-04-01,MSFT,406.1341552734375
2026-05-01,MSFT,449.3940124511719
2026-06-01,MSFT,372.319091796875
2026-07-01,MSFT,463.8468017578125
2026-08-01,MSFT,507.2900085449219
2026-09-01,MSFT,516.1699829101562
2016-10-01,ORCL,33.21976852416992
2016-11-01,ORCL,34.75019454956055
2016-12-01,ORCL,33.24571228027344
2017-01-01,ORCL,34.816856384277344
2017-02-01,ORCL,36.96957778930664
2017-03-01,ORCL,38.72301483154297
2017-04-01,ORCL,39.19496154785156
2017-05-01,ORCL,39.56982421875
2017-06-01,ORCL,43.71074676513672
2017-07-01,ORCL,43.69186019897461
2017-08-01,ORCL,44.041893005371094
2017-09-01,ORCL,42.30925750732422
2017-10-01,ORCL,44.71635437011719
2017-11-01,ORCL,43.09990310668945
2017-12-01,ORCL,41.53614044189453
2018-01-01,ORCL,45.499027252197266
2018-02-01,ORCL,44.687644958496094
2018-03-01,ORCL,40.348533630371094
2018-04-01,ORCL,40.444740295410156
2018-05-01,ORCL,41.374603271484375
2018-06-01,ORCL,39.01894760131836
2018-07-01,ORCL,42.390384674072266
2018-08-01,ORCL,43.1905517578125
2018-09-01,ORCL,45.83994674682617
2018-10-01,ORCL,43.59653091430664
2018-11-01,ORCL,43.52511215209961
2018-12-01,ORCL,40.30269241333008
2019-01-01,ORCL,45.01481246948242
2019-02-01,ORCL,46.717552185058594
2019-03-01,ORCL,48.133514404296875
2019-04-01,ORCL,49.807373046875
2019-05-01,ORCL,45.54948806762695
2019-06-01,ORCL,51.28367614746094
2019-07-01,ORCL,50.885704040527344
2019-08-01,ORCL,47.05345153808594
2019-09-01,ORCL,49.73783493041992
2019-10-01,ORCL,49.46942138671875
2019-11-01,ORCL,50.9674072265625
2019-12-01,ORCL,48.09855651855469
2020-01-01,ORCL,47.82933044433594
2020-02-01,ORCL,45.10273742675781
2020-03-01,ORCL,44.07229995727539
2020-04-01,ORCL,48.53299331665039
2020-05-01,ORCL,49.26597213745117
2020-06-01,ORCL,50.64033889770508
2020-07-01,ORCL,51.02004623413086
2020-08-01,ORCL,52.648643493652344
2020-09-01,ORCL,54.93050003051758
2020-10-01,ORCL,51.83637619018555
2020-11-01,ORCL,53.3237419128418
2020-12-01,ORCL,59.762874603271484
2021-01-01,ORCL,56.040950775146484
2021-02-01,ORCL,59.82463073730469
2021-03-01,ORCL,65.07353210449219
2021-04-01,ORCL,70.58946990966797
2021-05-01,ORCL,73.33704376220703
2021-06-01,ORCL,72.49878692626953
2021-07-01,ORCL,81.46003723144531
2021-08-01,ORCL,83.3203125
2021-09-01,ORCL,81.45068359375
2021-10-01,ORCL,89.99842834472656
2021-11-01,ORCL,85.12044525146484
2021-12-01,ORCL,81.80906677246094
2022-01-01,ORCL,76.41657257080078
2022-02-01,ORCL,71.52991485595703
2022-03-01,ORCL,77.89481353759766
2022-04-01,ORCL,69.3804702758789
2022-05-01,ORCL,67.98152923583984
2022-06-01,ORCL,66.04378509521484
2022-07-01,ORCL,73.90640258789062
2022-08-01,ORCL,70.40287017822266
2022-09-01,ORCL,57.983848571777344
2022-10-01,ORCL,74.50580596923828
2022-11-01,ORCL,79.23936462402344
2022-12-01,ORCL,78.00826263427734
2023-01-01,ORCL,84.73802185058594
2023-02-01,ORCL,83.7226333618164
2023-03-01,ORCL,89.01036834716797
2023-04-01,ORCL,91.11458587646484
2023-05-01,ORCL,101.90753173828125
2023-06-01,ORCL,114.55697631835938
2023-07-01,ORCL,113.16353607177734
2023-08-01,ORCL,116.21392059326172
2023-09-01,ORCL,102.24584197998047
2023-10-01,ORCL,100.17852020263672
2023-11-01,ORCL,112.58939361572266
2023-12-01,ORCL,102.14524841308594
2024-01-01,ORCL,108.63923645019531
2024-02-01,ORCL,108.61979675292969
2024-03-01,ORCL,122.16809844970703
2024-04-01,ORCL,110.99009704589844
2024-05-01,ORCL,114.34664154052734
2024-06-01,ORCL,137.77410888671875
2024-07-01,ORCL,136.45069885253906
2024-08-01,ORCL,138.25112915039062
2024-09-01,ORCL,166.7350616455078
2024-10-01,ORCL,164.59938049316406
2024-11-01,ORCL,181.2711639404297
2024-12-01,ORCL,163.42254638671875
2025-01-01,ORCL,167.1864471435547
2025-02-01,ORCL,163.2540283203125
2025-03-01,ORCL,137.44760131835938
2025-04-01,ORCL,138.83917236328125
2025-05-01,ORCL,163.31756591796875
2025-06-01,ORCL,215.70785522460938
2025-07-01,ORCL,250.91021728515625
2025-08-01,ORCL,223.58169555664062
2025-09-01,ORCL,278.0706481933594
2025-10-01,ORCL,260.1011657714844
2025-11-01,ORCL,200.02069091796875
2025-12-01,ORCL,193.04794311523438
2026-01-01,ORCL,163.43858337402344
2026-02-01,ORCL,144.3916015625
2026-03-01,ORCL,146.08975219726562
2026-04-01,ORCL,160.83047485351562
2026-05-01,ORCL,224.9972381591797
2026-06-01,ORCL,146.04193115234375
2026-07-01,ORCL,129.8699951171875
2026-08-01,ORCL,149.1199951171875
2026-09-01,ORCL,137.10000610351562
2016-10-01,GOOG,38.85894012451172
2016-11-01,GOOG,37.54636764526367
2016-12-01,GOOG,38.228904724121094
2017-01-01,GOOG,39.465694427490234
2017-02-01,GOOG,40.7743034362793
2017-03-01,GOOG,41.08882141113281
2017-04-01,GOOG,44.872982025146484
2017-05-01,GOOG,47.790348052978516
2017-06-01,GOOG,45.01017379760742
2017-07-01,GOOG,46.08846664428711
2017-08-01,GOOG,46.52582550048828
2017-09-01,GOOG,47.50553894042969
2017-10-01,GOOG,50.35506057739258
2017-11-01,GOOG,50.5913200378418
2017-12-01,GOOG,51.829097747802734
2018-01-01,GOOG,57.94813537597656
2018-02-01,GOOG,54.71822738647461
2018-03-01,GOOG,51.10544204711914
2018-04-01,GOOG,50.38923263549805
2018-05-01,GOOG,53.74049377441406
2018-06-01,GOOG,55.25910949707031
2018-07-01,GOOG,60.29193878173828
2018-08-01,GOOG,60.33799743652344
2018-09-01,GOOG,59.11359786987305
2018-10-01,GOOG,53.33333969116211
2018-11-01,GOOG,54.208065032958984
2018-12-01,GOOG,51.29465866088867
2019-01-01,GOOG,55.294769287109375
2019-02-01,GOOG,55.470603942871094
2019-03-01,GOOG,58.11505126953125
2019-04-01,GOOG,58.86643981933594
2019-05-01,GOOG,54.66374588012695
2019-06-01,GOOG,53.53840255737305
2019-07-01,GOOG,60.26321029663086
2019-08-01,GOOG,58.847618103027344
2019-09-01,GOOG,60.378116607666016
2019-10-01,GOOG,62.41434097290039
2019-11-01,GOOG,64.63578796386719
2019-12-01,GOOG,66.2237548828125
2020-01-01,GOOG,71.03865814208984
2020-02-01,GOOG,66.33817291259766
2020-03-01,GOOG,57.59497833251953
2020-04-01,GOOG,66.80027770996094
2020-05-01,GOOG,70.775634765625
2020-06-01,GOOG,70.01731872558594
2020-07-01,GOOG,73.45228576660156
2020-08-01,GOOG,80.94232940673828
2020-09-01,GOOG,72.7905502319336
2020-10-01,GOOG,80.29000854492188
2020-11-01,GOOG,87.21096801757812
2020-12-01,GOOG,86.77212524414062
2021-01-01,GOOG,90.92578125
2021-02-01,GOOG,100.88742065429688
2021-03-01,GOOG,102.4610366821289
2021-04-01,GOOG,119.37531280517578
2021-05-01,GOOG,119.4466552734375
2021-06-01,GOOG,124.14019775390625
2021-07-01,GOOG,133.95223999023438
2021-08-01,GOOG,144.09716796875
2021-09-01,GOOG,132.01510620117188
2021-10-01,GOOG,146.87928771972656
2021-11-01,GOOG,141.11538696289062
2021-12-01,GOOG,143.322021484375
2022-01-01,GOOG,134.42529296875
2022-02-01,GOOG,133.6253662109375
2022-03-01,GOOG,138.3391876220703
2022-04-01,GOOG,113.8877944946289
2022-05-01,GOOG,112.96900177001953
2022-06-01,GOOG,108.3462905883789
2022-07-01,GOOG,115.54558563232422
2022-08-01,GOOG,108.12586212158203
2022-09-01,GOOG,95.24785614013672
2022-10-01,GOOG,93.77182006835938
2022-11-01,GOOG,100.49811553955078
2022-12-01,GOOG,87.89746856689453
2023-01-01,GOOG,98.93295288085938
2023-02-01,GOOG,89.45274353027344
2023-03-01,GOOG,103.02420043945312
2023-04-01,GOOG,107.20458984375
2023-05-01,GOOG,122.21246337890625
2023-06-01,GOOG,119.8349609375
2023-07-01,GOOG,131.8610382080078
2023-08-01,GOOG,136.061279296875
2023-09-01,GOOG,130.61288452148438
2023-10-01,GOOG,124.12433624267578
2023-11-01,GOOG,132.66346740722656
2023-12-01,GOOG,139.60769653320312
2024-01-01,GOOG,140.46951293945312
2024-02-01,GOOG,138.46847534179688
2024-03-01,GOOG,150.83139038085938
2024-04-01,GOOG,163.09521484375
2024-05-01,GOOG,172.32778930664062
2024-06-01,GOOG,181.90577697753906
2024-07-01,GOOG,171.72056579589844
2024-08-01,GOOG,163.74693298339844
2024-09-01,GOOG,166.0280303955078
2024-10-01,GOOG,171.48980712890625
2024-11-01,GOOG,169.3050994873047
2024-12-01,GOOG,189.33099365234375
2025-01-01,GOOG,204.40272521972656
2025-02-01,GOOG,171.21710205078125
2025-03-01,GOOG,155.49716186523438
2025-04-01,GOOG,160.1352996826172
2025-05-01,GOOG,172.03921508789062
2025-06-01,GOOG,176.7701416015625
2025-07-01,GOOG,192.18606567382812
2025-08-01,GOOG,212.78384399414062
2025-09-01,GOOG,242.91586303710938
2025-10-01,GOOG,281.08624267578125
2025-11-01,GOOG,319.2864990234375
2025-12-01,GOOG,313.1871337890625
2026-01-01,GOOG,337.86883544921875
2026-02-01,GOOG,310.82177734375
2026-03-01,GOOG,286.5014343261719
2026-04-01,GOOG,381.4626159667969
2026-05-01,GOOG,375.9595031738281
2026-06-01,GOOG,353.1007385253906
2026-07-01,GOOG,356.4186096191406
2026-08-01,GOOG,335.1923828125
2026-09-01,GOOG,341.0799865722656
2016-10-01,AVGO,13.06890869140625
2016-11-01,AVGO,13.085028648376465
2016-12-01,AVGO,13.644577980041504
2017-01-01,AVGO,15.399064064025879
2017-02-01,AVGO,16.281328201293945
2017-03-01,AVGO,16.97780418395996
2017-04-01,AVGO,17.121248245239258
2017-05-01,AVGO,18.568885803222656
2017-06-01,AVGO,18.14727210998535
2017-07-01,AVGO,19.207061767578125
2017-08-01,AVGO,19.62833023071289
2017-09-01,AVGO,18.96344566345215
2017-10-01,AVGO,20.634300231933594
2017-11-01,AVGO,21.73126220703125
2017-12-01,AVGO,20.219364166259766
2018-01-01,AVGO,19.521244049072266
2018-02-01,AVGO,19.397682189941406
2018-03-01,AVGO,18.818645477294922
2018-04-01,AVGO,18.321130752563477
2018-05-01,AVGO,20.12992286682129
2018-06-01,AVGO,19.63669776916504
2018-07-01,AVGO,17.947702407836914
2018-08-01,AVGO,17.7259578704834
2018-09-01,AVGO,20.117618560791016
2018-10-01,AVGO,18.222705841064453
2018-11-01,AVGO,19.357696533203125
2018-12-01,AVGO,20.951698303222656
2019-01-01,AVGO,22.1027774810791
2019-02-01,AVGO,22.688610076904297
2019-03-01,AVGO,24.99869155883789
2019-04-01,AVGO,26.46929359436035
2019-05-01,AVGO,20.91939353942871
2019-06-01,AVGO,24.159873962402344
2019-07-01,AVGO,24.338640213012695
2019-08-01,AVGO,23.72176170349121
2019-09-01,AVGO,23.383554458618164
2019-10-01,AVGO,24.804845809936523
2019-11-01,AVGO,26.783475875854492
2019-12-01,AVGO,27.03852081298828
2020-01-01,AVGO,26.10934066772461
2020-02-01,AVGO,23.325233459472656
2020-03-01,AVGO,20.630977630615234
2020-04-01,AVGO,23.634700775146484
2020-05-01,AVGO,25.34452247619629
2020-06-01,AVGO,27.7453670501709
2020-07-01,AVGO,27.845582962036133
2020-08-01,AVGO,30.5180606842041
2020-09-01,AVGO,32.31947326660156
2020-10-01,AVGO,31.01628875732422
2020-11-01,AVGO,35.6248779296875
2020-12-01,AVGO,39.17340850830078
2021-01-01,AVGO,40.305179595947266
2021-02-01,AVGO,42.03816604614258
2021-03-01,AVGO,41.80683517456055
2021-04-01,AVGO,41.134185791015625
2021-05-01,AVGO,42.588584899902344
2021-06-01,AVGO,43.331790924072266
2021-07-01,AVGO,44.109649658203125
2021-08-01,AVGO,45.18286895751953
2021-09-01,AVGO,44.3899040222168
2021-10-01,AVGO,48.668426513671875
2021-11-01,AVGO,50.68320083618164
2021-12-01,AVGO,61.30046081542969
2022-01-01,AVGO,53.97381591796875
2022-02-01,AVGO,54.11753463745117
2022-03-01,AVGO,58.40113067626953
2022-04-01,AVGO,51.41818618774414
2022-05-01,AVGO,53.80549621582031
2022-06-01,AVGO,45.431121826171875
2022-07-01,AVGO,50.07606887817383
2022-08-01,AVGO,46.674888610839844
2022-09-01,AVGO,41.87031555175781
2022-10-01,AVGO,44.33250045776367
2022-11-01,AVGO,51.96234130859375
2022-12-01,AVGO,53.16611099243164
2023-01-01,AVGO,55.62696075439453
2023-02-01,AVGO,56.50937271118164
2023-03-01,AVGO,61.44130325317383
2023-04-01,AVGO,60.00090789794922
2023-05-01,AVGO,77.3796157836914
2023-06-01,AVGO,83.51773834228516
2023-07-01,AVGO,86.5236587524414
2023-08-01,AVGO,88.85753631591797
2023-09-01,AVGO,80.40530395507812
2023-10-01,AVGO,81.44984436035156
2023-11-01,AVGO,89.61642456054688
2023-12-01,AVGO,108.55680847167969
2024-01-01,AVGO,114.75658416748047
2024-02-01,AVGO,126.47439575195312
2024-03-01,AVGO,129.4468536376953
2024-04-01,AVGO,126.99153900146484
2024-05-01,AVGO,129.7534942626953
2024-06-01,AVGO,157.3028106689453
2024-07-01,AVGO,157.42724609375
2024-08-01,AVGO,159.52395629882812
2024-09-01,AVGO,169.5638427734375
2024-10-01,AVGO,166.88031005859375
2024-11-01,AVGO,159.32119750976562
2024-12-01,AVGO,228.50437927246094
2025-01-01,AVGO,218.08648681640625
2025-02-01,AVGO,196.56068420410156
2025-03-01,AVGO,165.52044677734375
2025-04-01,AVGO,190.27487182617188
2025-05-01,AVGO,239.3091583251953
2025-06-01,AVGO,273.1475830078125
2025-07-01,AVGO,291.03375244140625
2025-08-01,AVGO,294.69024658203125
2025-09-01,AVGO,327.47509765625
2025-10-01,AVGO,366.9019775390625
2025-11-01,AVGO,399.9859619140625
2025-12-01,AVGO,344.2029724121094
2026-01-01,AVGO,329.4841003417969
2026-02-01,AVGO,317.7984619140625
2026-03-01,AVGO,308.459228515625
2026-04-01,AVGO,416.0128479003906
2026-05-01,AVGO,445.25323486328125
2026-06-01,AVGO,377.0633850097656
2026-07-01,AVGO,388.5724182128906
2026-08-01,AVGO,369.6668395996094
2026-09-01,AVGO,352.80999755859375
2025-02-01,SNDK,46.849998474121094
2025-03-01,SNDK,47.61000061035156
2025-04-01,SNDK,32.11000061035156
2025-05-01,SNDK,37.689998626708984
2025-06-01,SNDK,45.349998474121094
2025-07-01,SNDK,42.91999816894531
2025-08-01,SNDK,52.470001220703125
2025-09-01,SNDK,112.19999694824219
2025-10-01,SNDK,199.3300018310547
2025-11-01,SNDK,223.27999877929688
2025-12-01,SNDK,237.3800048828125
2026-01-01,SNDK,576.25
2026-02-01,SNDK,635.3599853515625
2026-03-01,SNDK,635.3400268554688
2026-04-01,SNDK,1096.510009765625
2026-05-01,SNDK,1694.97998046875
2026-06-01,SNDK,2273.72998046875
2026-07-01,SNDK,1214.8299560546875
2026-08-01,SNDK,1566.699951171875
2026-09-01,SNDK,1777.800048828125
2016-10-01,NVDA,1.7457575798034668
2016-11-01,NVDA,2.2653143405914307
2016-12-01,NVDA,2.622556447982788
2017-01-01,NVDA,2.6825060844421387
2017-02-01,NVDA,2.4964675903320312
2017-03-01,NVDA,2.679741859436035
2017-04-01,NVDA,2.565840721130371
2017-05-01,NVDA,3.5548338890075684
2017-06-01,NVDA,3.5600056648254395
2017-07-01,NVDA,4.002050399780273
2017-08-01,NVDA,4.176386833190918
2017-09-01,NVDA,4.40635347366333
2017-10-01,NVDA,5.097487926483154
2017-11-01,NVDA,4.950571060180664
2017-12-01,NVDA,4.77273416519165
2018-01-01,NVDA,6.062729835510254
2018-02-01,NVDA,5.972712516784668
2018-03-01,NVDA,5.715785980224609
2018-04-01,NVDA,5.550673484802246
2018-05-01,NVDA,6.22805643081665
2018-06-01,NVDA,5.850457191467285
2018-07-01,NVDA,6.0470356941223145
2018-08-01,NVDA,6.935433387756348
2018-09-01,NVDA,6.94383430480957
2018-10-01,NVDA,5.209482669830322
2018-11-01,NVDA,4.04229736328125
2018-12-01,NVDA,3.3020055294036865
2019-01-01,NVDA,3.555529832839966
2019-02-01,NVDA,3.8194174766540527
2019-03-01,NVDA,4.445836067199707
2019-04-01,NVDA,4.481490135192871
2019-05-01,NVDA,3.3577651977539062
2019-06-01,NVDA,4.070910930633545
2019-07-01,NVDA,4.182211875915527
2019-08-01,NVDA,4.1563262939453125
2019-09-01,NVDA,4.319094181060791
2019-10-01,NVDA,4.987790107727051
2019-11-01,NVDA,5.381811618804932
2019-12-01,NVDA,5.842668533325195
2020-01-01,NVDA,5.870726108551025
2020-02-01,NVDA,6.710042476654053
2020-03-01,NVDA,6.549293041229248
2020-04-01,NVDA,7.2618632316589355
2020-05-01,NVDA,8.820674896240234
2020-06-01,NVDA,9.443388938903809
2020-07-01,NVDA,10.553996086120605
2020-08-01,NVDA,13.29794979095459
2020-09-01,NVDA,13.457083702087402
2020-10-01,NVDA,12.46599006652832
2020-11-01,NVDA,13.32878303527832
2020-12-01,NVDA,12.987997055053711
2021-01-01,NVDA,12.923081398010254
2021-02-01,NVDA,13.644111633300781
2021-03-01,NVDA,13.28432559967041
2021-04-01,NVDA,14.937621116638184
2021-05-01,NVDA,16.166702270507812
2021-06-01,NVDA,19.911272048950195
2021-07-01,NVDA,19.410070419311523
2021-08-01,NVDA,22.28683853149414
2021-09-01,NVDA,20.625152587890625
2021-10-01,NVDA,25.45488166809082
2021-11-01,NVDA,32.5327033996582
2021-12-01,NVDA,29.28561019897461
2022-01-01,NVDA,24.38161277770996
2022-02-01,NVDA,24.281034469604492
2022-03-01,NVDA,27.174301147460938
2022-04-01,NVDA,18.4710750579834
2022-05-01,NVDA,18.595561981201172
2022-06-01,NVDA,15.100133895874023
2022-07-01,NVDA,18.09246826171875
2022-08-01,NVDA,15.035385131835938
2022-09-01,NVDA,12.09545612335205
2022-10-01,NVDA,13.448582649230957
2022-11-01,NVDA,16.866607666015625
2022-12-01,NVDA,14.565299987792969
2023-01-01,NVDA,19.47189712524414
2023-02-01,NVDA,23.138635635375977
2023-03-01,NVDA,27.68914222717285
2023-04-01,NVDA,27.661230087280273
2023-05-01,NVDA,37.71432876586914
2023-06-01,NVDA,42.17256164550781
2023-07-01,NVDA,46.58600997924805
2023-08-01,NVDA,49.203983306884766
2023-09-01,NVDA,43.369476318359375
2023-10-01,NVDA,40.6585693359375
2023-11-01,NVDA,46.630733489990234
2023-12-01,NVDA,49.378883361816406
2024-01-01,NVDA,61.34918212890625
2024-02-01,NVDA,78.88335418701172
2024-03-01,NVDA,90.0990982055664
2024-04-01,NVDA,86.1563491821289
2024-05-01,NVDA,109.32128143310547
2024-06-01,NVDA,123.1988754272461
2024-07-01,NVDA,116.69685363769531
2024-08-01,NVDA,119.04037475585938
2024-09-01,NVDA,121.11502838134766
2024-10-01,NVDA,132.40472412109375
2024-11-01,NVDA,137.88003540039062
2024-12-01,NVDA,133.93984985351562
2025-01-01,NVDA,119.75692749023438
2025-02-01,NVDA,124.59428405761719
2025-03-01,NVDA,108.10735321044922
2025-04-01,NVDA,108.64599609375
2025-05-01,NVDA,134.79006958007812
2025-06-01,NVDA,157.603515625
2025-07-01,NVDA,177.4348602294922
2025-08-01,NVDA,173.75390625
2025-09-01,NVDA,186.13406372070312
2025-10-01,NVDA,202.0060272216797
2025-11-01,NVDA,176.5769500732422
2025-12-01,NVDA,186.06460571289062
2026-01-01,NVDA,190.68380737304688
2026-02-01,NVDA,176.77635192871094
2026-03-01,NVDA,174.00225830078125
2026-04-01,NVDA,199.1148681640625
2026-05-01,NVDA,210.6584930419922
2026-06-01,NVDA,199.86634826660156
2026-07-01,NVDA,200.52561950683594
2026-08-01,NVDA,220.53323364257812
2026-09-01,NVDA,225.07000732421875
2016-10-01,MRVL,12.166139602661133
2016-11-01,MRVL,13.389289855957031
2016-12-01,MRVL,13.006269454956055
2017-01-01,MRVL,13.943999290466309
2017-02-01,MRVL,14.628534317016602
2017-03-01,MRVL,14.364922523498535
2017-04-01,MRVL,14.13900089263916
2017-05-01,MRVL,16.22878646850586
2017-06-01,MRVL,15.606654167175293
2017-07-01,MRVL,14.69973087310791
2017-08-01,MRVL,16.919809341430664
2017-09-01,MRVL,16.910364151000977
2017-10-01,MRVL,17.506023406982422
2017-11-01,MRVL,21.174041748046875
2017-12-01,MRVL,20.405075073242188
2018-01-01,MRVL,22.172822952270508
2018-02-01,MRVL,22.324886322021484
2018-03-01,MRVL,20.014530181884766
2018-04-01,MRVL,19.11863899230957
2018-05-01,MRVL,20.529184341430664
2018-06-01,MRVL,20.43387794494629
2018-07-01,MRVL,20.36724090576172
2018-08-01,MRVL,19.765121459960938
2018-09-01,MRVL,18.446170806884766
2018-10-01,MRVL,15.732930183410645
2018-11-01,MRVL,15.445307731628418
2018-12-01,MRVL,15.584809303283691
2019-01-01,MRVL,17.837343215942383
2019-02-01,MRVL,19.204265594482422
2019-03-01,MRVL,19.146501541137695
2019-04-01,MRVL,24.156312942504883
2019-05-01,MRVL,21.530210494995117
2019-06-01,MRVL,23.0460147857666
2019-07-01,MRVL,25.414262771606445
2019-08-01,MRVL,23.19801139831543
2019-09-01,MRVL,24.165807723999023
2019-10-01,MRVL,23.666358947753906
2019-11-01,MRVL,25.587621688842773
2019-12-01,MRVL,25.830455780029297
2020-01-01,MRVL,23.379684448242188
2020-02-01,MRVL,20.714941024780273
2020-03-01,MRVL,22.008407592773438
2020-04-01,MRVL,26.07781982421875
2020-05-01,MRVL,31.81220817565918
2020-06-01,MRVL,34.19179153442383
2020-07-01,MRVL,35.62293243408203
2020-08-01,MRVL,37.87929153442383
2020-09-01,MRVL,38.77791976928711
2020-10-01,MRVL,36.690433502197266
2020-11-01,MRVL,45.278602600097656
2020-12-01,MRVL,46.5604133605957
2021-01-01,MRVL,50.399635314941406
2021-02-01,MRVL,47.2851676940918
2021-03-01,MRVL,47.97073745727539
2021-04-01,MRVL,44.33124923706055
2021-05-01,MRVL,47.36117935180664
2021-06-01,MRVL,57.196231842041016
2021-07-01,MRVL,59.396732330322266
2021-08-01,MRVL,60.06421661376953
2021-09-01,MRVL,59.20041275024414
2021-10-01,MRVL,67.30307006835938
2021-11-01,MRVL,69.92639923095703
2021-12-01,MRVL,85.96123504638672
2022-01-01,MRVL,70.20246124267578
2022-02-01,MRVL,67.18397521972656
2022-03-01,MRVL,70.50727844238281
2022-04-01,MRVL,57.15744400024414
2022-05-01,MRVL,58.210453033447266
2022-06-01,MRVL,42.838558197021484
2022-07-01,MRVL,54.870704650878906
2022-08-01,MRVL,46.13947296142578
2022-09-01,MRVL,42.28630828857422
2022-10-01,MRVL,39.15182876586914
2022-11-01,MRVL,45.90078353881836
2022-12-01,MRVL,36.54697036743164
2023-01-01,MRVL,42.64554214477539
2023-02-01,MRVL,44.622161865234375
2023-03-01,MRVL,42.79377365112305
2023-04-01,MRVL,39.07636260986328
2023-05-01,MRVL,57.892005920410156
2023-06-01,MRVL,59.1688117980957
2023-07-01,MRVL,64.52885437011719
2023-08-01,MRVL,57.71234893798828
2023-09-01,MRVL,53.6303825378418
2023-10-01,MRVL,46.83687973022461
2023-11-01,MRVL,55.27783203125
2023-12-01,MRVL,59.82067108154297
2024-01-01,MRVL,67.22177124023438
2024-02-01,MRVL,71.15380096435547
2024-03-01,MRVL,70.37930297851562
2024-04-01,MRVL,65.49944305419922
2024-05-01,MRVL,68.3813705444336
2024-06-01,MRVL,69.4645767211914
2024-07-01,MRVL,66.6181411743164
2024-08-01,MRVL,75.82811737060547
2024-09-01,MRVL,71.73037719726562
2024-10-01,MRVL,79.74317932128906
2024-11-01,MRVL,92.26557159423828
2024-12-01,MRVL,109.9442367553711
2025-01-01,MRVL,112.4002456665039
2025-02-01,MRVL,91.44596099853516
2025-03-01,MRVL,61.319183349609375
2025-04-01,MRVL,58.198265075683594
2025-05-01,MRVL,60.012908935546875
2025-06-01,MRVL,77.17227935791016
2025-07-01,MRVL,80.19913482666016
2025-08-01,MRVL,62.73633575439453
2025-09-01,MRVL,83.89126586914062
2025-10-01,MRVL,93.6026382446289
2025-11-01,MRVL,89.26900482177734
2025-12-01,MRVL,84.85547637939453
2026-01-01,MRVL,78.8610610961914
2026-02-01,MRVL,81.62899017333984
2026-03-01,MRVL,98.97602844238281
2026-04-01,MRVL,165.10926818847656
2026-05-01,MRVL,204.94943237304688
2026-06-01,MRVL,297.8165283203125
2026-07-01,MRVL,187.55999755859375
2026-08-01,MRVL,211.66000366210938
2026-09-01,MRVL,261.93499755859375
2016-10-01,AAPL,25.96497344970703
2016-11-01,AAPL,25.404098510742188
2016-12-01,AAPL,26.622358322143555
2017-01-01,AAPL,27.893484115600586
2017-02-01,AAPL,31.625017166137695
2017-03-01,AAPL,33.164817810058594
2017-04-01,AAPL,33.16250991821289
2017-05-01,AAPL,35.41118240356445
2017-06-01,AAPL,33.385162353515625
2017-07-01,AAPL,34.47698974609375
2017-08-01,AAPL,38.16600036621094
2017-09-01,AAPL,35.86674880981445
2017-10-01,AAPL,39.338897705078125
2017-11-01,AAPL,40.13663101196289
2017-12-01,AAPL,39.52470397949219
2018-01-01,AAPL,39.10429382324219
2018-02-01,AAPL,41.770626068115234
2018-03-01,AAPL,39.34581756591797
2018-04-01,AAPL,38.754844665527344
2018-05-01,AAPL,43.99155807495117
2018-06-01,AAPL,43.57723617553711
2018-07-01,AAPL,44.796669006347656
2018-08-01,AAPL,53.77490997314453
2018-09-01,AAPL,53.328426361083984
2018-10-01,AAPL,51.703094482421875
2018-11-01,AAPL,42.334632873535156
2018-12-01,AAPL,37.39424514770508
2019-01-01,AAPL,39.456687927246094
2019-02-01,AAPL,41.223419189453125
2019-03-01,AAPL,45.223148345947266
2019-04-01,AAPL,47.775367736816406
2019-05-01,AAPL,41.84104919433594
2019-06-01,AAPL,47.30209732055664
2019-07-01,AAPL,50.91572952270508
2019-08-01,AAPL,50.07759475708008
2019-09-01,AAPL,53.7313346862793
2019-10-01,AAPL,59.67855453491211
2019-11-01,AAPL,64.306884765625
2019-12-01,AAPL,70.65936279296875
2020-01-01,AAPL,74.47566986083984
2020-02-01,AAPL,65.93319702148438
2020-03-01,AAPL,61.33359909057617
2020-04-01,AAPL,70.86323547363281
2020-05-01,AAPL,76.89328002929688
2020-06-01,AAPL,88.22628021240234
2020-07-01,AAPL,102.79524230957031
2020-08-01,AAPL,125.05751037597656
2020-09-01,AAPL,112.23584747314453
2020-10-01,AAPL,105.50033569335938
2020-11-01,AAPL,115.57491302490234
2020-12-01,AAPL,128.8167724609375
2021-01-01,AAPL,128.10809326171875
2021-02-01,AAPL,117.89631652832031
2021-03-01,AAPL,118.76163482666016
2021-04-01,AAPL,127.81333923339844
2021-05-01,AAPL,121.35918426513672
2021-06-01,AAPL,133.38699340820312
2021-07-01,AAPL,142.05479431152344
2021-08-01,AAPL,148.09060668945312
2021-09-01,AAPL,138.01504516601562
2021-10-01,AAPL,146.110595703125
2021-11-01,AAPL,161.46414184570312
2021-12-01,AAPL,173.449462890625
2022-01-01,AAPL,170.72418212890625
2022-02-01,AAPL,161.4938201904297
2022-03-01,AAPL,170.77542114257812
2022-04-01,AAPL,154.1878662109375
2022-05-01,AAPL,145.78526306152344
2022-06-01,AAPL,133.9139862060547
2022-07-01,AAPL,159.17465209960938
2022-08-01,AAPL,154.2071533203125
2022-09-01,AAPL,135.5515899658203
2022-10-01,AAPL,150.40145874023438
2022-11-01,AAPL,145.43411254882812
2022-12-01,AAPL,127.65149688720703
2023-01-01,AAPL,141.7596893310547
2023-02-01,AAPL,145.0460968017578
2023-03-01,AAPL,162.25564575195312
2023-04-01,AAPL,166.95896911621094
2023-05-01,AAPL,174.64881896972656
2023-06-01,AAPL,191.1234588623047
2023-07-01,AAPL,193.56703186035156
2023-08-01,AAPL,185.3629150390625
2023-09-01,AAPL,168.9252471923828
2023-10-01,AAPL,168.4911651611328
2023-11-01,AAPL,187.66209411621094
2023-12-01,AAPL,190.21099853515625
2024-01-01,AAPL,182.178955078125
2024-02-01,AAPL,178.80076599121094
2024-03-01,AAPL,169.6307373046875
2024-04-01,AAPL,168.4931640625
2024-05-01,AAPL,190.43467712402344
2024-06-01,AAPL,208.63125610351562
2024-07-01,AAPL,219.98304748535156
2024-08-01,AAPL,227.1002655029297
2024-09-01,AAPL,231.06707763671875
2024-10-01,AAPL,224.035888671875
2024-11-01,AAPL,235.62010192871094
2024-12-01,AAPL,248.6157989501953
2025-01-01,AAPL,234.29966735839844
2025-02-01,AAPL,240.361572265625
2025-03-01,AAPL,220.7720947265625
2025-04-01,AAPL,211.20095825195312
2025-05-01,AAPL,199.88394165039062
2025-06-01,AAPL,204.1831512451172
2025-07-01,AAPL,206.57162475585938
2025-08-01,AAPL,231.28562927246094
2025-09-01,AAPL,253.69285583496094
2025-10-01,AAPL,269.37493896484375
2025-11-01,AAPL,278.093017578125
2025-12-01,AAPL,271.12200927734375
2026-01-01,AAPL,258.775634765625
2026-02-01,AAPL,263.70941162109375
2026-03-01,AAPL,253.33790588378906
2026-04-01,AAPL,270.86663818359375
2026-05-01,AAPL,311.7911071777344
2026-06-01,AAPL,289.11065673828125
2026-07-01,AAPL,308.6438293457031
2026-08-01,AAPL,316.8500061035156
2026-09-01,AAPL,341.07000732421875
2016-10-01,AMZN,39.49100112915039
2016-11-01,AMZN,37.528499603271484
2016-12-01,AMZN,37.493499755859375
2017-01-01,AMZN,41.17399978637695
2017-02-01,AMZN,42.25199890136719
2017-03-01,AMZN,44.32699966430664
2017-04-01,AMZN,46.2495002746582
2017-05-01,AMZN,49.73099899291992
2017-06-01,AMZN,48.400001525878906
2017-07-01,AMZN,49.388999938964844
2017-08-01,AMZN,49.029998779296875
2017-09-01,AMZN,48.067501068115234
2017-10-01,AMZN,55.263999938964844
2017-11-01,AMZN,58.837501525878906
2017-12-01,AMZN,58.4734992980957
2018-01-01,AMZN,72.54450225830078
2018-02-01,AMZN,75.62249755859375
2018-03-01,AMZN,72.36699676513672
2018-04-01,AMZN,78.30650329589844
2018-05-01,AMZN,81.48100280761719
2018-06-01,AMZN,84.98999786376953
2018-07-01,AMZN,88.87200164794922
2018-08-01,AMZN,100.635498046875
2018-09-01,AMZN,100.1500015258789
2018-10-01,AMZN,79.90049743652344
2018-11-01,AMZN,84.50849914550781
2018-12-01,AMZN,75.09850311279297
2019-01-01,AMZN,85.9365005493164
2019-02-01,AMZN,81.99150085449219
2019-03-01,AMZN,89.0374984741211
2019-04-01,AMZN,96.32599639892578
2019-05-01,AMZN,88.75350189208984
2019-06-01,AMZN,94.68150329589844
2019-07-01,AMZN,93.33899688720703
2019-08-01,AMZN,88.81449890136719
2019-09-01,AMZN,86.79550170898438
2019-10-01,AMZN,88.83300018310547
2019-11-01,AMZN,90.04000091552734
2019-12-01,AMZN,92.39199829101562
2020-01-01,AMZN,100.43599700927734
2020-02-01,AMZN,94.1875
2020-03-01,AMZN,97.48600006103516
2020-04-01,AMZN,123.69999694824219
2020-05-01,AMZN,122.11849975585938
2020-06-01,AMZN,137.9409942626953
2020-07-01,AMZN,158.23399353027344
2020-08-01,AMZN,172.54800415039062
2020-09-01,AMZN,157.43649291992188
2020-10-01,AMZN,151.8074951171875
2020-11-01,AMZN,158.40199279785156
2020-12-01,AMZN,162.84649658203125
2021-01-01,AMZN,160.30999755859375
2021-02-01,AMZN,154.64649963378906
2021-03-01,AMZN,154.70399475097656
2021-04-01,AMZN,173.37100219726562
2021-05-01,AMZN,161.15350341796875
2021-06-01,AMZN,172.00799560546875
2021-07-01,AMZN,166.37950134277344
2021-08-01,AMZN,173.5395050048828
2021-09-01,AMZN,164.2519989013672
2021-10-01,AMZN,168.6215057373047
2021-11-01,AMZN,175.35350036621094
2021-12-01,AMZN,166.7169952392578
2022-01-01,AMZN,149.57350158691406
2022-02-01,AMZN,153.56300354003906
2022-03-01,AMZN,162.99749755859375
2022-04-01,AMZN,124.28150177001953
2022-05-01,AMZN,120.20950317382812
2022-06-01,AMZN,106.20999908447266
2022-07-01,AMZN,134.9499969482422
2022-08-01,AMZN,126.7699966430664
2022-09-01,AMZN,113.0
2022-10-01,AMZN,102.44000244140625
2022-11-01,AMZN,96.54000091552734
2022-12-01,AMZN,84.0
2023-01-01,AMZN,103.12999725341797
2023-02-01,AMZN,94.2300033569336
2023-03-01,AMZN,103.29000091552734
2023-04-01,AMZN,105.44999694824219
2023-05-01,AMZN,120.58000183105469
2023-06-01,AMZN,130.36000061035156
2023-07-01,AMZN,133.67999267578125
2023-08-01,AMZN,138.00999450683594
2023-09-01,AMZN,127.12000274658203
2023-10-01,AMZN,133.08999633789062
2023-11-01,AMZN,146.08999633789062
2023-12-01,AMZN,151.94000244140625
2024-01-01,AMZN,155.1999969482422
2024-02-01,AMZN,176.75999450683594
2024-03-01,AMZN,180.3800048828125
2024-04-01,AMZN,175.0
2024-05-01,AMZN,176.44000244140625
2024-06-01,AMZN,193.25
2024-07-01,AMZN,186.97999572753906
2024-08-01,AMZN,178.5
2024-09-01,AMZN,186.3300018310547
2024-10-01,AMZN,186.39999389648438
2024-11-01,AMZN,207.88999938964844
2024-12-01,AMZN,219.38999938964844
2025-01-01,AMZN,237.67999267578125
2025-02-01,AMZN,212.27999877929688
2025-03-01,AMZN,190.25999450683594
2025-04-01,AMZN,184.4199981689453
2025-05-01,AMZN,205.00999450683594
2025-06-01,AMZN,219.38999938964844
2025-07-01,AMZN,234.11000061035156
2025-08-01,AMZN,229.0
2025-09-01,AMZN,219.57000732421875
2025-10-01,AMZN,244.22000122070312
2025-11-01,AMZN,233.22000122070312
2025-12-01,AMZN,230.82000732421875
2026-01-01,AMZN,239.3000030517578
2026-02-01,AMZN,210.0
2026-03-01,AMZN,208.27000427246094
2026-04-01,AMZN,265.05999755859375
2026-05-01,AMZN,270.6400146484375
2026-06-01,AMZN,238.33999633789062
2026-07-01,AMZN,271.5799865722656
2026-08-01,AMZN,259.7699890136719
2026-09-01,AMZN,249.6699981689453
2016-10-01,META,129.74732971191406
2016-11-01,META,117.29656982421875
2016-12-01,META,113.95854187011719
2017-01-01,META,129.0836944580078
2017-02-01,META,134.25416564941406
2017-03-01,META,140.702392578125
2017-04-01,META,148.82461547851562
2017-05-01,META,150.02313232421875
2017-06-01,META,149.5476837158203
2017-07-01,META,167.6443634033203
2017-08-01,META,170.3385467529297
2017-09-01,META,169.24900817871094
2017-10-01,META,178.351806640625
2017-11-01,META,175.49911499023438
2017-12-01,META,174.7859344482422
2018-01-01,META,185.1169891357422
2018-02-01,META,176.6282958984375
2018-03-01,META,158.27407836914062
2018-04-01,META,170.36827087402344
2018-05-01,META,189.9606170654297
2018-06-01,META,192.47653198242188
2018-07-01,META,170.9427490234375
2018-08-01,META,174.0628662109375
2018-09-01,META,162.89981079101562
2018-10-01,META,150.35000610351562
2018-11-01,META,139.27601623535156
2018-12-01,META,129.84637451171875
2019-01-01,META,165.108642578125
2019-02-01,META,159.91836547851562
2019-03-01,META,165.108642578125
2019-04-01,META,191.56524658203125
2019-05-01,META,175.786376953125
2019-06-01,META,191.1690216064453
2019-07-01,META,192.3873748779297
2019-08-01,META,183.9085693359375
2019-09-01,META,176.39059448242188
2019-10-01,META,189.8318328857422
2019-11-01,META,199.72705078125
2019-12-01,META,203.30284118652344
2020-01-01,META,199.9945526123047
2020-02-01,META,190.64404296875
2020-03-01,META,165.21762084960938
2020-04-01,META,202.76795959472656
2020-05-01,META,222.95460510253906
2020-06-01,META,224.91583251953125
2020-07-01,META,251.26345825195312
2020-08-01,META,290.41845703125
2020-09-01,META,259.4154052734375
2020-10-01,META,260.6138916015625
2020-11-01,META,274.34246826171875
2020-12-01,META,270.5685729980469
2021-01-01,META,255.87925720214844
2021-02-01,META,255.176025390625
2021-03-01,META,291.7358703613281
2021-04-01,META,321.99603271484375
2021-05-01,META,325.6114501953125
2021-06-01,META,344.4113464355469
2021-07-01,META,352.91986083984375
2021-08-01,META,375.7809143066406
2021-09-01,META,336.1702880859375
2021-10-01,META,320.5003662109375
2021-11-01,META,321.3818664550781
2021-12-01,META,333.15911865234375
2022-01-01,META,310.2881774902344
2022-02-01,META,209.02798461914062
2022-03-01,META,220.25050354003906
2022-04-01,META,198.5681610107422
2022-05-01,META,191.80296325683594
2022-06-01,META,159.72023010253906
2022-07-01,META,157.59063720703125
2022-08-01,META,161.38430786132812
2022-09-01,META,134.392822265625
2022-10-01,META,92.27620697021484
2022-11-01,META,116.9796142578125
2022-12-01,META,119.1983642578125
2023-01-01,META,147.5567626953125
2023-02-01,META,173.28038024902344
2023-03-01,META,209.92938232421875
2023-04-01,META,238.04013061523438
2023-05-01,META,262.2086486816406
2023-06-01,META,284.2574462890625
2023-07-01,META,315.5774841308594
2023-08-01,META,293.08294677734375
2023-09-01,META,297.3619689941406
2023-10-01,META,298.41192626953125
2023-11-01,META,324.0463562011719
2023-12-01,META,350.6020202636719
2024-01-01,META,386.4388427734375
2024-02-01,META,485.99530029296875
2024-03-01,META,481.4836730957031
2024-04-01,META,426.5411376953125
2024-05-01,META,462.89190673828125
2024-06-01,META,500.4628601074219
2024-07-01,META,471.2918701171875
2024-08-01,META,517.4255981445312
2024-09-01,META,568.7166137695312
2024-10-01,META,563.88818359375
2024-11-01,META,570.5842895507812
2024-12-01,META,582.1707763671875
2025-01-01,META,685.2494506835938
2025-02-01,META,664.3892822265625
2025-03-01,META,573.582763671875
2025-04-01,META,546.3546142578125
2025-05-01,META,644.3700561523438
2025-06-01,META,735.0986938476562
2025-07-01,META,770.305419921875
2025-08-01,META,735.7061767578125
2025-09-01,META,731.8973388671875
2025-10-01,META,646.158203125
2025-11-01,META,645.759521484375
2025-12-01,META,658.3950805664062
2026-01-01,META,714.66015625
2026-02-01,META,646.515625
2026-03-01,META,571.1494750976562
2026-04-01,META,610.8612670898438
2026-05-01,META,631.426025390625
2026-06-01,META,562.8457641601562
2026-07-01,META,556.27099609375
2026-08-01,META,571.888671875
2026-09-01,META,751.6599731445312
2016-10-01,LITE,33.599998474121094
2016-11-01,LITE,40.099998474121094
2016-12-01,LITE,38.650001525878906
2017-01-01,LITE,37.95000076293945
2017-02-01,LITE,45.900001525878906
2017-03-01,LITE,53.349998474121094
2017-04-01,LITE,42.75
2017-05-01,LITE,57.04999923706055
2017-06-01,LITE,57.04999923706055
2017-07-01,LITE,62.599998474121094
2017-08-01,LITE,56.849998474121094
2017-09-01,LITE,54.349998474121094
2017-10-01,LITE,63.150001525878906
2017-11-01,LITE,54.04999923706055
2017-12-01,LITE,48.900001525878906
2018-01-01,LITE,46.29999923706055
2018-02-01,LITE,61.0
2018-03-01,LITE,63.79999923706055
2018-04-01,LITE,50.45000076293945
2018-05-01,LITE,58.75
2018-06-01,LITE,57.900001525878906
2018-07-01,LITE,52.25
2018-08-01,LITE,67.9000015258789
2018-09-01,LITE,59.95000076293945
2018-10-01,LITE,54.650001525878906
2018-11-01,LITE,44.470001220703125
2018-12-01,LITE,42.0099983215332
2019-01-01,LITE,48.90999984741211
2019-02-01,LITE,49.75
2019-03-01,LITE,56.540000915527344
2019-04-01,LITE,61.970001220703125
2019-05-01,LITE,40.470001220703125
2019-06-01,LITE,53.40999984741211
2019-07-01,LITE,56.630001068115234
2019-08-01,LITE,55.7599983215332
2019-09-01,LITE,53.560001373291016
2019-10-01,LITE,62.65999984741211
2019-11-01,LITE,73.66000366210938
2019-12-01,LITE,79.30000305175781
2020-01-01,LITE,75.7699966430664
2020-02-01,LITE,77.81999969482422
2020-03-01,LITE,73.69999694824219
2020-04-01,LITE,80.91000366210938
2020-05-01,LITE,73.31999969482422
2020-06-01,LITE,81.43000030517578
2020-07-01,LITE,92.83000183105469
2020-08-01,LITE,86.0
2020-09-01,LITE,75.12999725341797
2020-10-01,LITE,82.69000244140625
2020-11-01,LITE,86.37999725341797
2020-12-01,LITE,94.80000305175781
2021-01-01,LITE,93.80000305175781
2021-02-01,LITE,90.0
2021-03-01,LITE,91.3499984741211
2021-04-01,LITE,85.05000305175781
2021-05-01,LITE,81.37000274658203
2021-06-01,LITE,82.02999877929688
2021-07-01,LITE,83.98999786376953
2021-08-01,LITE,86.63999938964844
2021-09-01,LITE,83.54000091552734
2021-10-01,LITE,82.58000183105469
2021-11-01,LITE,86.7699966430664
2021-12-01,LITE,105.7699966430664
2022-01-01,LITE,101.4800033569336
2022-02-01,LITE,98.86000061035156
2022-03-01,LITE,97.5999984741211
2022-04-01,LITE,81.20999908447266
2022-05-01,LITE,86.08000183105469
2022-06-01,LITE,79.41999816894531
2022-07-01,LITE,90.45999908447266
2022-08-01,LITE,83.55000305175781
2022-09-01,LITE,68.56999969482422
2022-10-01,LITE,74.44999694824219
2022-11-01,LITE,54.939998626708984
2022-12-01,LITE,52.16999816894531
2023-01-01,LITE,60.18000030517578
2023-02-01,LITE,53.810001373291016
2023-03-01,LITE,54.0099983215332
2023-04-01,LITE,48.25
2023-05-01,LITE,52.900001525878906
2023-06-01,LITE,56.72999954223633
2023-07-01,LITE,52.36000061035156
2023-08-01,LITE,54.130001068115234
2023-09-01,LITE,45.18000030517578
2023-10-01,LITE,39.209999084472656
2023-11-01,LITE,42.79999923706055
2023-12-01,LITE,52.41999816894531
2024-01-01,LITE,54.939998626708984
2024-02-01,LITE,48.470001220703125
2024-03-01,LITE,47.349998474121094
2024-04-01,LITE,43.7599983215332
2024-05-01,LITE,43.5
2024-06-01,LITE,50.91999816894531
2024-07-01,LITE,51.779998779296875
2024-08-01,LITE,57.61000061035156
2024-09-01,LITE,63.380001068115234
2024-10-01,LITE,63.869998931884766
2024-11-01,LITE,86.97000122070312
2024-12-01,LITE,83.94999694824219
2025-01-01,LITE,85.05999755859375
2025-02-01,LITE,70.33000183105469
2025-03-01,LITE,62.34000015258789
2025-04-01,LITE,59.040000915527344
2025-05-01,LITE,72.27999877929688
2025-06-01,LITE,95.05999755859375
2025-07-01,LITE,110.08000183105469
2025-08-01,LITE,132.80999755859375
2025-09-01,LITE,162.7100067138672
2025-10-01,LITE,201.55999755859375
2025-11-01,LITE,325.1600036621094
2025-12-01,LITE,368.5899963378906
2026-01-01,LITE,391.8399963378906
2026-02-01,LITE,700.9099731445312
2026-03-01,LITE,702.760009765625
2026-04-01,LITE,902.3200073242188
2026-05-01,LITE,854.9600219726562
2026-06-01,LITE,858.0599975585938
2026-07-01,LITE,713.9400024414062
2026-08-01,LITE,914.760009765625
2026-09-01,LITE,941.6500244140625
2016-10-01,AMAT,26.137407302856445
2016-11-01,AMAT,29.0343074798584
2016-12-01,AMAT,29.097431182861328
2017-01-01,AMAT,30.882770538330078
2017-02-01,AMAT,32.752193450927734
2017-03-01,AMAT,35.17560577392578
2017-04-01,AMAT,36.72187805175781
2017-05-01,AMAT,41.58026885986328
2017-06-01,AMAT,37.43856430053711
2017-07-01,AMAT,40.15740966796875
2017-08-01,AMAT,40.98612976074219
2017-09-01,AMAT,47.31755065917969
2017-10-01,AMAT,51.259918212890625
2017-11-01,AMAT,48.016902923583984
2017-12-01,AMAT,46.515525817871094
2018-01-01,AMAT,48.79944610595703
2018-02-01,AMAT,52.4981575012207
2018-03-01,AMAT,50.69322204589844
2018-04-01,AMAT,45.278404235839844
2018-05-01,AMAT,46.475250244140625
2018-06-01,AMAT,42.274349212646484
2018-07-01,AMAT,44.507503509521484
2018-08-01,AMAT,39.55385971069336
2018-09-01,AMAT,35.535953521728516
2018-10-01,AMAT,30.23084259033203
2018-11-01,AMAT,34.46905517578125
2018-12-01,AMAT,30.271373748779297
2019-01-01,AMAT,36.13333511352539
2019-02-01,AMAT,35.63045883178711
2019-03-01,AMAT,36.8571662902832
2019-04-01,AMAT,40.95550537109375
2019-05-01,AMAT,36.13961410522461
2019-06-01,AMAT,41.94959259033203
2019-07-01,AMAT,46.11561584472656
2019-08-01,AMAT,45.05707931518555
2019-09-01,AMAT,46.82108688354492
2019-10-01,AMAT,50.912052154541016
2019-11-01,AMAT,54.51531982421875
2019-12-01,AMAT,57.471763610839844
2020-01-01,AMAT,54.600059509277344
2020-02-01,AMAT,54.8948974609375
2020-03-01,AMAT,43.27743148803711
2020-04-01,AMAT,46.92324447631836
2020-05-01,AMAT,53.27384948730469
2020-06-01,AMAT,57.322967529296875
2020-07-01,AMAT,61.002262115478516
2020-08-01,AMAT,58.607566833496094
2020-09-01,AMAT,56.562007904052734
2020-10-01,AMAT,56.352684020996094
2020-11-01,AMAT,78.70606994628906
2020-12-01,AMAT,82.3512954711914
2021-01-01,AMAT,92.25634002685547
2021-02-01,AMAT,112.99620056152344
2021-03-01,AMAT,127.72901916503906
2021-04-01,AMAT,126.87812805175781
2021-05-01,AMAT,132.29086303710938
2021-06-01,AMAT,136.38031005859375
2021-07-01,AMAT,134.0147705078125
2021-08-01,AMAT,129.65443420410156
2021-09-01,AMAT,123.51371765136719
2021-10-01,AMAT,131.11280822753906
2021-11-01,AMAT,141.4536895751953
2021-12-01,AMAT,151.22731018066406
2022-01-01,AMAT,132.79481506347656
2022-02-01,AMAT,129.20248413085938
2022-03-01,AMAT,126.8918228149414
2022-04-01,AMAT,106.24060821533203
2022-05-01,AMAT,113.19831085205078
2022-06-01,AMAT,87.80614471435547
2022-07-01,AMAT,102.2828598022461
2022-08-01,AMAT,91.02051544189453
2022-09-01,AMAT,79.27406311035156
2022-10-01,AMAT,85.4278793334961
2022-11-01,AMAT,106.30528259277344
2022-12-01,AMAT,94.45262908935547
2023-01-01,AMAT,108.13846588134766
2023-02-01,AMAT,112.9222412109375
2023-03-01,AMAT,119.41658020019531
2023-04-01,AMAT,109.88892364501953
2023-05-01,AMAT,129.9296417236328
2023-06-01,AMAT,140.8854217529297
2023-07-01,AMAT,147.7571563720703
2023-08-01,AMAT,149.22056579589844
2023-09-01,AMAT,135.24212646484375
2023-10-01,AMAT,129.28346252441406
2023-11-01,AMAT,146.6239471435547
2023-12-01,AMAT,158.65501403808594
2024-01-01,AMAT,160.83802795410156
2024-02-01,AMAT,197.7061309814453
2024-03-01,AMAT,202.22666931152344
2024-04-01,AMAT,194.7937774658203
2024-05-01,AMAT,211.2893524169922
2024-06-01,AMAT,231.83084106445312
2024-07-01,AMAT,208.4601287841797
2024-08-01,AMAT,194.15476989746094
2024-09-01,AMAT,198.86940002441406
2024-10-01,AMAT,178.7216339111328
2024-11-01,AMAT,172.3642120361328
2024-12-01,AMAT,160.44638061523438
2025-01-01,AMAT,177.9284210205078
2025-02-01,AMAT,156.30677795410156
2025-03-01,AMAT,143.50125122070312
2025-04-01,AMAT,149.0288848876953
2025-05-01,AMAT,155.44227600097656
2025-06-01,AMAT,181.54269409179688
2025-07-01,AMAT,178.55780029296875
2025-08-01,AMAT,159.87571716308594
2025-09-01,AMAT,203.61380004882812
2025-10-01,AMAT,231.8177947998047
2025-11-01,AMAT,251.35421752929688
2025-12-01,AMAT,256.0773620605469
2026-01-01,AMAT,321.1753845214844
2026-02-01,AMAT,371.4405517578125
2026-03-01,AMAT,341.0010070800781
2026-04-01,AMAT,393.5793151855469
2026-05-01,AMAT,449.5792541503906
2026-06-01,AMAT,722.2277221679688
2026-07-01,AMAT,507.12774658203125
2026-08-01,AMAT,458.3900146484375
2026-09-01,AMAT,485.0
2016-10-01,TSM,24.659021377563477
2016-11-01,TSM,23.541044235229492
2016-12-01,TSM,22.79572296142578
2017-01-01,TSM,24.508373260498047
2017-02-01,TSM,24.952394485473633
2017-03-01,TSM,26.038660049438477
2017-04-01,TSM,26.221027374267578
2017-05-01,TSM,28.03675651550293
2017-06-01,TSM,28.622777938842773
2017-07-01,TSM,29.441509246826172
2017-08-01,TSM,30.2684268951416
2017-09-01,TSM,30.743295669555664
2017-10-01,TSM,34.65681076049805
2017-11-01,TSM,32.42168426513672
2017-12-01,TSM,32.462623596191406
2018-01-01,TSM,37.09663009643555
2018-02-01,TSM,35.49192810058594
2018-03-01,TSM,35.82760238647461
2018-04-01,TSM,31.48013687133789
2018-05-01,TSM,31.684831619262695
2018-06-01,TSM,31.027496337890625
2018-07-01,TSM,34.97382736206055
2018-08-01,TSM,37.002159118652344
2018-09-01,TSM,37.4774169921875
2018-10-01,TSM,32.33445739746094
2018-11-01,TSM,31.901626586914062
2018-12-01,TSM,31.324525833129883
2019-01-01,TSM,31.927099227905273
2019-02-01,TSM,33.14070129394531
2019-03-01,TSM,34.76165008544922
2019-04-01,TSM,37.188865661621094
2019-05-01,TSM,32.546630859375
2019-06-01,TSM,34.323402404785156
2019-07-01,TSM,37.355281829833984
2019-08-01,TSM,37.355281829833984
2019-09-01,TSM,41.02219009399414
2019-10-01,TSM,45.56746292114258
2019-11-01,TSM,46.856021881103516
2019-12-01,TSM,51.63595962524414
2020-01-01,TSM,47.93878936767578
2020-02-01,TSM,47.849910736083984
2020-03-01,TSM,42.8759880065918
2020-04-01,TSM,47.66688919067383
2020-05-01,TSM,45.15480422973633
2020-06-01,TSM,51.31338119506836
2020-07-01,TSM,71.30723571777344
2020-08-01,TSM,71.63265228271484
2020-09-01,TSM,73.65605163574219
2020-10-01,TSM,76.19998931884766
2020-11-01,TSM,88.14739990234375
2020-12-01,TSM,99.48614501953125
2021-01-01,TSM,110.8726577758789
2021-02-01,TSM,114.90541076660156
2021-03-01,TSM,108.32315826416016
2021-04-01,TSM,106.91279602050781
2021-05-01,TSM,107.48059844970703
2021-06-01,TSM,110.46704864501953
2021-07-01,TSM,107.23101043701172
2021-08-01,TSM,109.40982055664062
2021-09-01,TSM,103.06510162353516
2021-10-01,TSM,104.95748901367188
2021-11-01,TSM,108.14221954345703
2021-12-01,TSM,111.51864624023438
2022-01-01,TSM,113.66912841796875
2022-02-01,TSM,99.19051361083984
2022-03-01,TSM,97.1075439453125
2022-04-01,TSM,86.55482482910156
2022-05-01,TSM,88.76223754882812
2022-06-01,TSM,76.54283905029297
2022-07-01,TSM,82.8441390991211
2022-08-01,TSM,78.04090881347656
2022-09-01,TSM,64.55604553222656
2022-10-01,TSM,57.9554328918457
2022-11-01,TSM,78.1339111328125
2022-12-01,TSM,70.53726959228516
2023-01-01,TSM,87.80939483642578
2023-02-01,TSM,82.44974517822266
2023-03-01,TSM,88.54253387451172
2023-04-01,TSM,80.2422866821289
2023-05-01,TSM,93.84443664550781
2023-06-01,TSM,96.46463775634766
2023-07-01,TSM,94.77278137207031
2023-08-01,TSM,89.43912506103516
2023-09-01,TSM,83.49468231201172
2023-10-01,TSM,82.92780303955078
2023-11-01,TSM,93.49676513671875
2023-12-01,TSM,100.39551544189453
2024-01-01,TSM,109.04496765136719
2024-02-01,TSM,124.2104721069336
2024-03-01,TSM,131.8680419921875
2024-04-01,TSM,133.11834716796875
2024-05-01,TSM,146.39724731445312
2024-06-01,TSM,168.9988250732422
2024-07-01,TSM,161.21054077148438
2024-08-01,TSM,166.9472198486328
2024-09-01,TSM,169.4859619140625
2024-10-01,TSM,185.94952392578125
2024-11-01,TSM,180.21119689941406
2024-12-01,TSM,193.34413146972656
2025-01-01,TSM,204.92579650878906
2025-02-01,TSM,176.74017333984375
2025-03-01,TSM,163.14840698242188
2025-04-01,TSM,163.82652282714844
2025-05-01,TSM,189.9990692138672
2025-06-01,TSM,223.41317749023438
2025-07-01,TSM,238.337646484375
2025-08-01,TSM,227.7336883544922
2025-09-01,TSM,276.36505126953125
2025-10-01,TSM,297.2836608886719
2025-11-01,TSM,288.4570617675781
2025-12-01,TSM,301.5192565917969
2026-01-01,TSM,327.98114013671875
2026-02-01,TSM,371.65771484375
2026-03-01,TSM,336.25836181640625
2026-04-01,TSM,394.07745361328125
2026-05-01,TSM,416.3553771972656
2026-06-01,TSM,476.2922668457031
2026-07-01,TSM,403.1684265136719
2026-08-01,TSM,414.20880126953125
2026-09-01,TSM,450.6099853515625
2016-10-01,ASML,96.19329833984375
2016-11-01,ASML,93.9255142211914
2016-12-01,ASML,102.1860122680664
2017-01-01,ASML,110.56489562988281
2017-02-01,ASML,110.82902526855469
2017-03-01,ASML,120.94743347167969
2017-04-01,ASML,121.27445983886719
2017-05-01,ASML,121.4032211303711
2017-06-01,ASML,119.85795593261719
2017-07-01,ASML,138.2721710205078
2017-08-01,ASML,143.77256774902344
2017-09-01,ASML,157.4682159423828
2017-10-01,ASML,166.25221252441406
2017-11-01,ASML,161.4416961669922
2017-12-01,ASML,159.8780975341797
2018-01-01,ASML,186.68077087402344
2018-02-01,ASML,179.7179718017578
2018-03-01,ASML,182.63369750976562
2018-04-01,ASML,174.86990356445312
2018-05-01,ASML,182.47898864746094
2018-06-01,ASML,183.703857421875
2018-07-01,ASML,198.5787353515625
2018-08-01,ASML,190.27366638183594
2018-09-01,ASML,174.47091674804688
2018-10-01,ASML,159.93939208984375
2018-11-01,ASML,159.00218200683594
2018-12-01,ASML,144.40570068359375
2019-01-01,ASML,162.41697692871094
2019-02-01,ASML,169.6920166015625
2019-03-01,ASML,174.4987335205078
2019-04-01,ASML,196.0403594970703
2019-05-01,ASML,176.5414581298828
2019-06-01,ASML,195.204833984375
2019-07-01,ASML,209.17416381835938
2019-08-01,ASML,208.98638916015625
2019-09-01,ASML,233.21682739257812
2019-10-01,ASML,245.9376220703125
2019-11-01,ASML,255.16148376464844
2019-12-01,ASML,279.0350646972656
2020-01-01,ASML,264.6278991699219
2020-02-01,ASML,260.903564453125
2020-03-01,ASML,246.6944122314453
2020-04-01,ASML,273.3311767578125
2020-05-01,ASML,312.2606506347656
2020-06-01,ASML,348.7642517089844
2020-07-01,ASML,335.2032775878906
2020-08-01,ASML,354.5922546386719
2020-09-01,ASML,349.9393310546875
2020-10-01,ASML,342.3012390136719
2020-11-01,ASML,416.4249267578125
2020-12-01,ASML,463.9818420410156
2021-01-01,ASML,508.1614074707031
2021-02-01,ASML,539.4888305664062
2021-03-01,ASML,587.3120727539062
2021-04-01,ASML,616.555908203125
2021-05-01,ASML,644.4533081054688
2021-06-01,ASML,659.1174926757812
2021-07-01,ASML,731.5320434570312
2021-08-01,ASML,794.7877197265625
2021-09-01,ASML,710.8953247070312
2021-10-01,ASML,775.553466796875
2021-11-01,ASML,757.1188354492188
2021-12-01,ASML,761.5476684570312
2022-01-01,ASML,647.7756958007812
2022-02-01,ASML,637.5501098632812
2022-03-01,ASML,638.9083862304688
2022-04-01,ASML,539.2741088867188
2022-05-01,ASML,555.0386352539062
2022-06-01,ASML,458.3313903808594
2022-07-01,ASML,553.2568359375
2022-08-01,ASML,473.0038146972656
2022-09-01,ASML,400.9923095703125
2022-10-01,ASML,456.08941650390625
2022-11-01,ASML,588.8665161132812
2022-12-01,ASML,529.1005249023438
2023-01-01,ASML,639.9173583984375
2023-02-01,ASML,599.4706420898438
2023-03-01,ASML,660.5890502929688
2023-04-01,ASML,618.0352783203125
2023-05-01,ASML,703.6138305664062
2023-06-01,ASML,705.3851318359375
2023-07-01,ASML,697.2679443359375
2023-08-01,ASML,644.31396484375
2023-09-01,ASML,574.208251953125
2023-10-01,ASML,584.1090087890625
2023-11-01,ASML,668.6820068359375
2023-12-01,ASML,740.228759765625
2024-01-01,ASML,850.6390380859375
2024-02-01,ASML,932.3226928710938
2024-03-01,ASML,950.7305297851562
2024-04-01,ASML,856.5012817382812
2024-05-01,ASML,942.77294921875
2024-06-01,ASML,1004.01123046875
2024-07-01,ASML,921.2596435546875
2024-08-01,ASML,888.970703125
2024-09-01,ASML,819.514892578125
2024-10-01,ASML,662.9991455078125
2024-11-01,ASML,676.859375
2024-12-01,ASML,683.237548828125
2025-01-01,ASML,728.81103515625
2025-02-01,ASML,700.4884033203125
2025-03-01,ASML,654.6011962890625
2025-04-01,ASML,662.0291137695312
2025-05-01,ASML,730.0970458984375
2025-06-01,ASML,794.1317138671875
2025-07-01,ASML,690.1641845703125
2025-08-01,ASML,737.7606201171875
2025-09-01,ASML,961.7553100585938
2025-10-01,ASML,1054.1658935546875
2025-11-01,ASML,1054.9322509765625
2025-12-01,ASML,1064.7451171875
2026-01-01,ASML,1416.1966552734375
2026-02-01,ASML,1445.5291748046875
2026-03-01,ASML,1316.2489013671875
2026-04-01,ASML,1437.13134765625
2026-05-01,ASML,1610.6768798828125
2026-06-01,ASML,1986.870361328125
2026-07-01,ASML,1629.0
2026-08-01,ASML,1696.010009765625
2026-09-01,ASML,1743.93994140625
2016-10-01,AMD,7.230000019073486
2016-11-01,AMD,8.90999984741211
2016-12-01,AMD,11.34000015258789
2017-01-01,AMD,10.369999885559082
2017-02-01,AMD,14.460000038146973
2017-03-01,AMD,14.550000190734863
2017-04-01,AMD,13.300000190734863
2017-05-01,AMD,11.1899995803833
2017-06-01,AMD,12.479999542236328
2017-07-01,AMD,13.609999656677246
2017-08-01,AMD,13.0
2017-09-01,AMD,12.75
2017-10-01,AMD,10.989999771118164
2017-11-01,AMD,10.890000343322754
2017-12-01,AMD,10.279999732971191
2018-01-01,AMD,13.739999771118164
2018-02-01,AMD,12.109999656677246
2018-03-01,AMD,10.050000190734863
2018-04-01,AMD,10.880000114440918
2018-05-01,AMD,13.729999542236328
2018-06-01,AMD,14.989999771118164
2018-07-01,AMD,18.329999923706055
2018-08-01,AMD,25.170000076293945
2018-09-01,AMD,30.889999389648438
2018-10-01,AMD,18.209999084472656
2018-11-01,AMD,21.299999237060547
2018-12-01,AMD,18.459999084472656
2019-01-01,AMD,24.40999984741211
2019-02-01,AMD,23.530000686645508
2019-03-01,AMD,25.520000457763672
2019-04-01,AMD,27.6299991607666
2019-05-01,AMD,27.40999984741211
2019-06-01,AMD,30.3700008392334
2019-07-01,AMD,30.450000762939453
2019-08-01,AMD,31.450000762939453
2019-09-01,AMD,28.989999771118164
2019-10-01,AMD,33.93000030517578
2019-11-01,AMD,39.150001525878906
2019-12-01,AMD,45.86000061035156
2020-01-01,AMD,47.0
2020-02-01,AMD,45.47999954223633
2020-03-01,AMD,45.47999954223633
2020-04-01,AMD,52.38999938964844
2020-05-01,AMD,53.79999923706055
2020-06-01,AMD,52.61000061035156
2020-07-01,AMD,77.43000030517578
2020-08-01,AMD,90.81999969482422
2020-09-01,AMD,81.98999786376953
2020-10-01,AMD,75.29000091552734
2020-11-01,AMD,92.66000366210938
2020-12-01,AMD,91.70999908447266
2021-01-01,AMD,85.63999938964844
2021-02-01,AMD,84.51000213623047
2021-03-01,AMD,78.5
2021-04-01,AMD,81.62000274658203
2021-05-01,AMD,80.08000183105469
2021-06-01,AMD,93.93000030517578
2021-07-01,AMD,106.19000244140625
2021-08-01,AMD,110.72000122070312
2021-09-01,AMD,102.9000015258789
2021-10-01,AMD,120.2300033569336
2021-11-01,AMD,158.3699951171875
2021-12-01,AMD,143.89999389648438
2022-01-01,AMD,114.25
2022-02-01,AMD,123.33999633789062
2022-03-01,AMD,109.33999633789062
2022-04-01,AMD,85.5199966430664
2022-05-01,AMD,101.86000061035156
2022-06-01,AMD,76.47000122070312
2022-07-01,AMD,94.47000122070312
2022-08-01,AMD,84.87000274658203
2022-09-01,AMD,63.36000061035156
2022-10-01,AMD,60.060001373291016
2022-11-01,AMD,77.62999725341797
2022-12-01,AMD,64.7699966430664
2023-01-01,AMD,75.1500015258789
2023-02-01,AMD,78.58000183105469
2023-03-01,AMD,98.01000213623047
2023-04-01,AMD,89.37000274658203
2023-05-01,AMD,118.20999908447266
2023-06-01,AMD,113.91000366210938
2023-07-01,AMD,114.4000015258789
2023-08-01,AMD,105.72000122070312
2023-09-01,AMD,102.81999969482422
2023-10-01,AMD,98.5
2023-11-01,AMD,121.16000366210938
2023-12-01,AMD,147.41000366210938
2024-01-01,AMD,167.69000244140625
2024-02-01,AMD,192.52999877929688
2024-03-01,AMD,180.49000549316406
2024-04-01,AMD,158.3800048828125
2024-05-01,AMD,166.89999389648438
2024-06-01,AMD,162.2100067138672
2024-07-01,AMD,144.47999572753906
2024-08-01,AMD,148.55999755859375
2024-09-01,AMD,164.0800018310547
2024-10-01,AMD,144.07000732421875
2024-11-01,AMD,137.17999267578125
2024-12-01,AMD,120.79000091552734
2025-01-01,AMD,115.94999694824219
2025-02-01,AMD,99.86000061035156
2025-03-01,AMD,102.73999786376953
2025-04-01,AMD,97.3499984741211
2025-05-01,AMD,110.7300033569336
2025-06-01,AMD,141.89999389648438
2025-07-01,AMD,176.30999755859375
2025-08-01,AMD,162.6300048828125
2025-09-01,AMD,161.7899932861328
2025-10-01,AMD,256.1199951171875
2025-11-01,AMD,217.52999877929688
2025-12-01,AMD,214.16000366210938
2026-01-01,AMD,236.72999572753906
2026-02-01,AMD,200.2100067138672
2026-03-01,AMD,203.42999267578125
2026-04-01,AMD,354.489990234375
2026-05-01,AMD,516.0999755859375
2026-06-01,AMD,580.9099731445312
2026-07-01,AMD,476.1499938964844
2026-08-01,AMD,470.7200012207031
2026-09-01,AMD,630.6300048828125
2016-10-01,SPY,181.51675415039062
2016-11-01,SPY,188.20352172851562
2016-12-01,SPY,192.01873779296875
2017-01-01,SPY,195.454833984375
2017-02-01,SPY,203.13458251953125
2017-03-01,SPY,203.38848876953125
2017-04-01,SPY,205.40731811523438
2017-05-01,SPY,208.30628967285156
2017-06-01,SPY,209.63417053222656
2017-07-01,SPY,213.9430389404297
2017-08-01,SPY,214.56727600097656
2017-09-01,SPY,218.89064025878906
2017-10-01,SPY,224.04856872558594
2017-11-01,SPY,230.8968505859375
2017-12-01,SPY,233.69717407226562
2018-01-01,SPY,246.8681640625
2018-02-01,SPY,237.89195251464844
2018-03-01,SPY,231.3712158203125
2018-04-01,SPY,232.56700134277344
2018-05-01,SPY,238.22055053710938
2018-06-01,SPY,239.5903778076172
2018-07-01,SPY,248.4664306640625
2018-08-01,SPY,256.3974304199219
2018-09-01,SPY,257.9218444824219
2018-10-01,SPY,240.0983428955078
2018-11-01,SPY,244.55194091796875
2018-12-01,SPY,223.01954650878906
2019-01-01,SPY,240.875732421875
2019-02-01,SPY,248.6839141845703
2019-03-01,SPY,253.18527221679688
2019-04-01,SPY,263.5285339355469
2019-05-01,SPY,246.72291564941406
2019-06-01,SPY,263.89154052734375
2019-07-01,SPY,267.8814392089844
2019-08-01,SPY,263.3961181640625
2019-09-01,SPY,268.52130126953125
2019-10-01,SPY,274.4569091796875
2019-11-01,SPY,284.3917236328125
2019-12-01,SPY,292.6549072265625
2020-01-01,SPY,292.5367736816406
2020-02-01,SPY,269.3778381347656
2020-03-01,SPY,235.74026489257812
2020-04-01,SPY,265.6754150390625
2020-05-01,SPY,278.33355712890625
2020-06-01,SPY,283.26971435546875
2020-07-01,SPY,299.9519958496094
2020-08-01,SPY,320.8876953125
2020-09-01,SPY,308.8725891113281
2020-10-01,SPY,301.1711730957031
2020-11-01,SPY,333.931640625
2020-12-01,SPY,346.30322265625
2021-01-01,SPY,342.77435302734375
2021-02-01,SPY,352.3052978515625
2021-03-01,SPY,368.2996826171875
2021-04-01,SPY,387.78656005859375
2021-05-01,SPY,390.3328552246094
2021-06-01,SPY,399.08697509765625
2021-07-01,SPY,408.8297119140625
2021-08-01,SPY,420.996337890625
2021-09-01,SPY,401.375732421875
2021-10-01,SPY,429.5376281738281
2021-11-01,SPY,426.0863952636719
2021-12-01,SPY,445.7919006347656
2022-01-01,SPY,422.28021240234375
2022-02-01,SPY,409.81585693359375
2022-03-01,SPY,425.2209777832031
2022-04-01,SPY,387.89971923828125
2022-05-01,SPY,388.77532958984375
2022-06-01,SPY,356.7167663574219
2022-07-01,SPY,389.56591796875
2022-08-01,SPY,373.67083740234375
2022-09-01,SPY,339.12646484375
2022-10-01,SPY,366.689208984375
2022-11-01,SPY,387.0740051269531
2022-12-01,SPY,364.7676086425781
2023-01-01,SPY,387.7068786621094
2023-02-01,SPY,377.9588928222656
2023-03-01,SPY,391.9727478027344
2023-04-01,SPY,398.23455810546875
2023-05-01,SPY,400.0728454589844
2023-06-01,SPY,425.99749755859375
2023-07-01,SPY,439.9418029785156
2023-08-01,SPY,432.7918701171875
2023-09-01,SPY,412.2625427246094
2023-10-01,SPY,403.31292724609375
2023-11-01,SPY,440.1531066894531
2023-12-01,SPY,460.2484436035156
2024-01-01,SPY,467.5785827636719
2024-02-01,SPY,491.9800109863281
2024-03-01,SPY,508.06866455078125
2024-04-01,SPY,487.5835876464844
2024-05-01,SPY,512.245361328125
2024-06-01,SPY,530.3175048828125
2024-07-01,SPY,536.7391967773438
2024-08-01,SPY,549.2804565429688
2024-09-01,SPY,560.81787109375
2024-10-01,SPY,555.8133544921875
2024-11-01,SPY,588.9583129882812
2024-12-01,SPY,574.7879638671875
2025-01-01,SPY,590.224609375
2025-02-01,SPY,582.7318725585938
2025-03-01,SPY,550.2625732421875
2025-04-01,SPY,545.4916381835938
2025-05-01,SPY,579.7730712890625
2025-06-01,SPY,609.5653686523438
2025-07-01,SPY,623.6045532226562
2025-08-01,SPY,636.400634765625
2025-09-01,SPY,659.0694580078125
2025-10-01,SPY,674.7800903320312
2025-11-01,SPY,676.0958251953125
2025-12-01,SPY,676.635009765625
2026-01-01,SPY,686.607177734375
2026-02-01,SPY,680.6734619140625
2026-03-01,SPY,647.0620727539062
2026-04-01,SPY,715.0377197265625
2026-05-01,SPY,752.6671142578125
2026-06-01,SPY,744.9202270507812
2026-07-01,SPY,745.1796264648438
2026-08-01,SPY,765.1499633789062
2026-09-01,SPY,771.3499755859375
2016-10-01,QQQ,109.32720947265625
2016-11-01,QQQ,109.8038330078125
2016-12-01,QQQ,111.04708099365234
2017-01-01,QQQ,116.7550277709961
2017-02-01,QQQ,121.86309051513672
2017-03-01,QQQ,124.33316040039062
2017-04-01,QQQ,127.72367095947266
2017-05-01,QQQ,132.7014923095703
2017-06-01,QQQ,129.62559509277344
2017-07-01,QQQ,134.89010620117188
2017-08-01,QQQ,137.6871337890625
2017-09-01,QQQ,137.28060913085938
2017-10-01,QQQ,143.60433959960938
2017-11-01,QQQ,146.43582153320312
2017-12-01,QQQ,147.31893920898438
2018-01-01,QQQ,160.21975708007812
2018-02-01,QQQ,158.14849853515625
2018-03-01,QQQ,151.69786071777344
2018-04-01,QQQ,152.46522521972656
2018-05-01,QQQ,161.11439514160156
2018-06-01,QQQ,162.9593048095703
2018-07-01,QQQ,167.5163116455078
2018-08-01,QQQ,177.19984436035156
2018-09-01,QQQ,176.70077514648438
2018-10-01,QQQ,161.51206970214844
2018-11-01,QQQ,161.08412170410156
2018-12-01,QQQ,147.133056640625
2019-01-01,QQQ,160.390869140625
2019-02-01,QQQ,165.18849182128906
2019-03-01,QQQ,171.6714324951172
2019-04-01,QQQ,181.1121063232422
2019-05-01,QQQ,166.2152862548828
2019-06-01,QQQ,178.83111572265625
2019-07-01,QQQ,183.00648498535156
2019-08-01,QQQ,179.5302276611328
2019-09-01,QQQ,181.17808532714844
2019-10-01,QQQ,189.11380004882812
2019-11-01,QQQ,196.8096466064453
2019-12-01,QQQ,204.45838928222656
2020-01-01,QQQ,210.67066955566406
2020-02-01,QQQ,197.9094696044922
2020-03-01,QQQ,183.49014282226562
2020-04-01,QQQ,210.96543884277344
2020-05-01,QQQ,224.8909912109375
2020-06-01,QQQ,239.0292205810547
2020-07-01,QQQ,256.5895690917969
2020-08-01,QQQ,284.6725769042969
2020-09-01,QQQ,268.222412109375
2020-10-01,QQQ,260.0552978515625
2020-11-01,QQQ,289.2484436035156
2020-12-01,QQQ,303.4288024902344
2021-01-01,QQQ,304.2217712402344
2021-02-01,QQQ,303.8155822753906
2021-03-01,QQQ,309.0313720703125
2021-04-01,QQQ,327.29461669921875
2021-05-01,QQQ,323.363037109375
2021-06-01,QQQ,343.612548828125
2021-07-01,QQQ,353.4430236816406
2021-08-01,QQQ,368.3535461425781
2021-09-01,QQQ,347.4195251464844
2021-10-01,QQQ,374.7406005859375
2021-11-01,QQQ,382.2236022949219
2021-12-01,QQQ,386.6280822753906
2022-01-01,QQQ,352.8096618652344
2022-02-01,QQQ,337.0179443359375
2022-03-01,QQQ,352.74957275390625
2022-04-01,QQQ,304.7906799316406
2022-05-01,QQQ,299.9549560546875
2022-06-01,QQQ,273.2352600097656
2022-07-01,QQQ,307.531005859375
2022-08-01,QQQ,291.7479553222656
2022-09-01,QQQ,261.0107116699219
2022-10-01,QQQ,271.4507751464844
2022-11-01,QQQ,286.5003967285156
2022-12-01,QQQ,260.6762390136719
2023-01-01,QQQ,288.4197692871094
2023-02-01,QQQ,287.3821105957031
2023-03-01,QQQ,314.6625671386719
2023-04-01,QQQ,316.2606201171875
2023-05-01,QQQ,341.1940002441406
2023-06-01,QQQ,362.7024230957031
2023-07-01,QQQ,376.7030944824219
2023-08-01,QQQ,371.11651611328125
2023-09-01,QQQ,352.26434326171875
2023-10-01,QQQ,344.9884033203125
2023-11-01,QQQ,382.31207275390625
2023-12-01,QQQ,403.6717224121094
2024-01-01,QQQ,411.0153503417969
2024-02-01,QQQ,432.730712890625
2024-03-01,QQQ,438.24786376953125
2024-04-01,QQQ,419.0798645019531
2024-05-01,QQQ,444.8608703613281
2024-06-01,QQQ,473.6439514160156
2024-07-01,QQQ,465.69573974609375
2024-08-01,QQQ,470.83642578125
2024-09-01,QQQ,483.1798400878906
2024-10-01,QQQ,479.00213623046875
2024-11-01,QQQ,504.6326904296875
2024-12-01,QQQ,506.92388916015625
2025-01-01,QQQ,517.8905639648438
2025-02-01,QQQ,503.8896484375
2025-03-01,QQQ,465.6636657714844
2025-04-01,QQQ,472.16815185546875
2025-05-01,QQQ,515.505126953125
2025-06-01,QQQ,548.4244995117188
2025-07-01,QQQ,561.716552734375
2025-08-01,QQQ,567.0751342773438
2025-09-01,QQQ,597.5623168945312
2025-10-01,QQQ,626.1280517578125
2025-11-01,QQQ,616.3540649414062
2025-12-01,QQQ,612.2249145507812
2026-01-01,QQQ,619.7592163085938
2026-02-01,QQQ,605.228759765625
2026-03-01,QQQ,575.9462280273438
2026-04-01,QQQ,666.3126220703125
2026-05-01,QQQ,736.7318115234375
2026-06-01,QQQ,735.6334838867188
2026-07-01,QQQ,687.2738647460938
2026-08-01,QQQ,716.013916015625
2026-09-01,QQQ,744.5
